study_hours_per_day,attendance_percent,previous_score,assignments_completed_percent,sleep_hours,extra_activities,parental_support,internet_access,final_score
5.1,88.9,36.4,57.7,5.1,1,2,1,58.3
3.7,70.3,52.1,50.7,5.7,0,2,1,36.9
5.4,66.5,58.8,46.5,5.3,0,2,1,43.4
7.4,78.0,93.3,82.4,5.8,1,1,0,74.6
3.5,75.6,73.3,71.1,6.2,0,2,0,55.2
3.5,71.7,45.0,81.8,7.6,1,2,1,37.8
7.5,87.7,72.3,87.4,6.1,0,1,1,62.9
5.7,91.4,41.8,79.8,4.4,0,3,1,55.3
3.0,79.2,81.2,86.8,8.0,0,2,1,58.9
5.2,98.7,57.9,73.7,5.4,1,3,1,58.8
3.0,62.0,63.6,53.6,6.4,0,2,1,34.6
3.0,75.3,84.9,94.0,7.1,0,2,1,48.9
4.5,68.0,45.7,64.4,6.8,0,2,1,40.4
0.0,51.9,44.0,58.2,7.9,0,2,1,32.0
0.2,76.8,56.2,71.8,7.1,0,3,0,32.7
2.8,76.3,80.6,58.6,5.4,1,2,1,44.9
1.8,99.2,42.2,67.5,9.3,1,3,1,45.2
4.7,86.8,22.5,81.2,6.8,0,3,1,57.0
2.0,63.7,58.2,81.3,6.3,0,2,1,46.6
0.9,100.0,73.3,58.8,7.8,1,3,1,54.7
7.2,95.1,83.0,66.2,6.8,0,2,1,65.4
3.5,86.1,58.1,94.3,7.0,0,3,1,58.9
4.1,74.8,58.8,83.9,9.7,0,2,0,60.7
0.9,64.6,82.3,100.0,6.1,1,1,1,43.9
2.8,72.8,37.0,96.2,6.1,1,3,1,43.6
4.2,93.2,59.2,95.6,6.7,1,2,1,49.5
1.5,100.0,67.9,50.0,7.9,0,2,0,40.8
4.8,99.6,71.7,88.7,4.5,0,2,1,58.9
2.7,71.2,57.4,74.0,3.9,1,1,0,31.7
3.4,62.3,65.5,65.1,5.7,0,2,0,40.5
2.7,80.0,27.7,78.0,4.4,1,3,1,40.1
8.1,53.2,55.1,92.0,5.9,1,1,0,43.4
4.0,82.5,71.8,84.0,7.2,0,2,0,45.3
1.7,75.9,50.3,59.2,5.3,1,1,1,44.8
5.8,71.5,65.9,88.4,4.6,0,2,0,55.0
1.3,55.7,71.7,63.5,6.6,1,2,1,49.3
4.5,85.2,59.9,78.9,7.6,0,3,0,59.6
0.0,70.5,67.6,69.5,4.3,0,3,1,34.5
1.1,61.6,50.6,71.1,7.6,1,2,1,46.0
4.4,37.8,61.9,88.8,7.6,1,2,1,44.2
5.6,77.6,74.2,56.3,7.7,0,3,1,61.4
4.4,100.0,67.4,100.0,8.1,0,3,0,64.6
3.7,100.0,56.2,42.2,9.4,0,2,0,35.3
3.3,71.6,68.4,64.2,6.0,0,2,1,54.6
0.7,69.6,75.7,81.7,6.6,0,3,1,48.2
2.4,84.6,34.3,85.5,6.0,0,2,1,43.5
3.0,64.0,82.4,73.2,6.5,0,2,1,45.7
6.3,82.2,60.0,74.0,8.5,0,2,0,58.5
4.8,88.7,71.4,82.4,4.8,0,1,1,47.0
0.1,95.2,83.0,70.8,5.4,0,2,1,49.3
4.7,76.6,44.4,100.0,8.3,0,2,1,44.7
3.2,75.1,54.4,90.1,7.8,1,1,1,48.1
2.5,65.7,60.7,90.7,6.0,0,1,1,41.4
5.3,66.4,53.2,57.6,7.6,1,1,0,43.5
6.3,74.8,91.0,73.6,6.9,1,2,1,66.2
6.0,83.1,52.1,69.6,8.5,1,3,1,58.0
2.2,90.8,56.7,56.9,6.6,1,3,1,46.4
3.3,66.8,68.1,81.5,7.8,1,2,1,52.3
4.7,98.9,47.0,65.3,9.9,0,2,1,62.8
6.1,74.2,59.1,86.8,7.3,0,3,1,48.6
2.9,77.7,69.8,55.7,6.6,1,1,1,48.1
3.6,67.5,60.0,100.0,7.4,0,2,1,45.2
1.6,44.1,63.6,58.9,6.0,1,3,1,36.1
1.4,90.4,57.1,78.9,9.6,0,1,1,37.6
5.8,88.3,42.3,89.3,6.7,1,3,1,57.1
7.0,74.1,69.8,64.7,6.1,0,3,1,66.2
3.8,78.9,91.3,90.3,5.4,0,1,1,51.1
6.2,85.2,65.3,52.9,7.9,0,1,1,51.9
4.8,56.1,68.4,100.0,7.6,1,1,1,48.7
2.6,70.6,75.4,75.3,5.9,1,2,0,48.7
4.8,89.1,46.0,64.3,7.2,0,2,1,54.3
7.4,60.4,90.5,69.6,4.5,1,2,0,56.2
3.9,82.1,68.0,89.6,6.7,0,2,1,59.8
7.4,59.0,89.5,64.5,7.1,0,3,1,68.3
0.0,84.5,54.0,61.5,8.7,0,2,0,40.9
5.8,77.5,92.3,71.0,5.5,0,1,0,52.6
4.2,55.4,76.6,53.8,4.8,0,2,1,45.3
3.3,94.3,73.3,100.0,5.3,0,2,1,57.2
4.2,67.7,68.5,64.8,4.8,1,2,0,51.8
0.0,66.7,61.3,90.0,8.2,1,2,1,47.0
3.5,80.8,83.0,78.8,8.5,0,1,1,46.2
4.8,94.1,67.1,57.3,6.9,0,3,0,51.6
7.3,63.8,35.5,74.9,8.1,0,3,1,50.9
2.9,78.9,48.2,89.1,6.7,0,2,1,51.1
2.2,84.0,62.2,71.6,6.4,0,2,1,36.1
2.9,87.7,69.6,96.5,6.1,0,2,1,54.5
6.0,80.5,64.2,93.4,6.1,1,2,1,62.5
4.7,72.9,83.3,91.5,4.5,1,2,1,62.6
2.8,66.4,35.7,66.7,6.8,0,3,1,42.0
5.1,79.2,67.2,55.6,6.4,0,2,1,43.7
4.2,63.0,37.7,64.0,7.5,0,2,1,35.1
6.1,37.1,76.4,78.5,6.6,1,2,1,42.3
2.5,84.1,63.6,84.8,6.3,0,3,1,48.5
3.3,90.7,71.3,35.9,5.4,0,3,1,50.2
3.1,44.9,52.0,74.9,6.6,1,1,1,27.1
0.8,63.9,84.2,77.8,7.5,0,2,1,51.0
4.7,86.7,80.6,70.0,5.0,0,2,0,44.7
4.6,100.0,73.8,98.2,6.6,0,2,0,68.4
4.0,78.3,63.1,82.6,6.8,0,2,1,57.9
3.5,67.8,73.7,98.6,5.6,0,3,1,57.4
0.9,75.4,54.4,71.1,5.7,0,2,1,32.5
3.1,97.2,77.8,91.9,6.8,0,3,1,63.8
3.2,69.0,89.7,100.0,5.0,0,2,1,42.6
2.2,66.8,81.1,98.6,7.0,1,3,1,60.3
3.6,71.2,54.1,55.3,5.3,0,3,1,44.5
4.9,64.7,70.4,70.4,7.9,0,2,1,48.6
8.1,79.7,45.6,68.8,9.5,1,2,1,57.7
4.4,100.0,73.6,83.8,5.4,1,1,1,42.6
4.6,82.5,71.8,87.4,7.2,1,3,1,57.2
3.8,74.5,37.0,59.9,5.6,0,2,1,46.5
0.0,73.9,47.6,76.2,7.9,0,2,1,33.7
3.9,56.1,60.8,38.6,4.9,1,2,1,38.2
4.1,90.4,60.5,100.0,7.1,1,2,1,63.4
9.4,76.9,46.9,65.8,5.4,0,1,0,63.3
3.6,75.5,70.8,76.0,6.2,1,1,1,55.7
4.7,100.0,68.8,69.4,5.2,0,2,1,50.7
3.9,82.2,62.1,95.6,7.6,1,2,1,45.3
1.4,67.5,53.7,23.9,5.4,1,3,1,51.6
6.5,72.0,80.7,74.7,7.2,1,3,0,77.9
5.7,94.1,89.8,73.1,6.1,1,2,0,65.5
5.7,79.6,57.7,66.8,6.4,1,3,0,50.1
2.0,57.9,55.8,100.0,6.7,0,2,1,44.9
7.1,90.9,72.4,59.0,5.5,0,2,1,60.1
0.9,68.6,59.6,88.9,6.8,0,1,1,34.5
5.3,100.0,62.9,81.4,8.5,0,2,1,68.6
8.8,93.1,76.1,97.7,5.5,1,2,1,75.9
1.8,71.7,36.4,63.0,8.0,0,1,1,26.1
2.8,95.9,84.8,61.8,8.4,0,2,1,55.4
4.2,78.9,66.1,94.7,5.4,0,3,1,59.3
2.9,89.9,58.8,82.7,4.6,1,2,1,53.1
0.6,84.8,63.7,47.2,6.9,0,2,1,41.4
4.2,66.2,64.4,65.3,5.8,0,3,1,54.2
1.7,69.0,39.0,82.0,8.9,0,3,1,41.6
5.0,92.4,87.4,90.1,6.5,1,2,0,65.2
2.0,73.3,65.6,62.8,5.5,0,2,0,17.9
7.4,72.3,71.6,22.5,5.0,1,2,1,51.9
2.3,64.6,79.3,84.4,7.9,0,2,1,51.5
3.3,83.9,49.7,53.0,5.8,0,1,1,36.9
5.8,100.0,72.1,38.7,6.6,1,2,1,59.5
1.3,63.1,61.0,24.0,7.7,0,3,1,31.5
4.5,78.3,77.7,89.7,5.9,0,2,1,60.4
6.9,97.8,33.1,77.3,6.4,0,3,1,64.9
0.5,76.9,63.5,70.9,6.5,0,3,1,47.8
4.4,84.3,56.0,100.0,7.4,0,3,1,48.6
4.6,63.1,71.5,86.5,7.3,0,1,1,45.6
5.7,84.0,72.1,100.0,6.2,0,3,1,62.3
1.3,75.4,54.4,49.9,6.6,0,1,1,31.3
1.1,91.8,54.3,74.4,6.0,1,2,1,42.2
5.1,94.6,63.3,45.9,4.6,1,2,0,50.9
4.7,100.0,51.6,70.9,6.8,0,2,1,60.8
4.6,86.1,77.6,70.5,9.0,0,3,1,52.1
4.8,82.6,59.5,86.3,5.4,0,3,1,66.3
2.5,80.7,21.4,75.8,5.5,0,1,1,35.2
4.5,73.1,59.4,86.2,5.4,0,2,0,45.8
4.6,82.7,49.4,87.7,7.4,0,2,1,58.1
2.4,73.9,40.5,100.0,7.1,0,2,1,34.0
8.1,80.4,46.4,69.3,6.3,0,3,1,57.5
5.0,96.4,66.6,58.1,5.3,0,2,1,54.4
1.4,63.9,84.9,79.4,6.6,1,3,1,58.1
5.4,94.0,69.7,60.6,4.5,0,1,0,48.8
1.9,96.4,55.9,100.0,6.7,1,2,1,56.0
5.7,76.3,71.8,69.9,7.6,1,2,1,56.2
6.5,48.3,58.1,64.8,4.9,0,2,1,46.2
2.2,69.5,54.6,66.5,4.5,0,2,1,46.4
6.1,96.2,47.7,87.9,8.6,0,3,1,72.1
4.9,77.7,38.7,72.2,5.7,0,3,1,49.1
5.8,64.0,59.2,63.4,8.0,0,2,1,54.7
8.2,70.9,67.4,100.0,6.3,1,2,1,68.6
3.5,89.8,63.6,59.6,6.3,0,1,1,48.8
2.3,85.7,58.8,75.6,7.1,0,1,1,49.8
2.0,74.7,50.8,86.7,5.4,1,2,1,49.6
2.2,72.9,74.1,45.6,6.7,1,1,0,38.7
3.8,72.5,45.2,83.6,6.0,0,3,0,49.8
4.8,65.1,76.6,56.0,4.8,1,2,0,44.6
4.6,100.0,50.0,89.8,6.9,0,3,1,55.7
5.8,73.5,53.7,57.7,6.2,0,2,0,45.5
4.0,95.0,43.0,87.5,6.3,0,3,1,55.1
7.2,99.3,57.5,94.9,4.9,0,2,1,53.4
3.4,92.0,79.6,90.5,8.6,1,2,1,68.2
10.0,72.0,72.7,79.5,7.6,0,3,1,55.9
5.4,83.7,79.7,70.8,7.8,0,2,1,76.1
2.1,77.7,72.8,64.6,6.1,0,1,1,49.4
1.6,65.3,48.4,100.0,4.3,0,2,1,33.7
5.1,82.5,60.0,62.4,9.0,0,3,1,59.8
3.5,61.5,53.3,56.3,6.4,0,3,1,45.0
5.6,94.6,85.0,87.0,5.5,1,2,1,62.4
5.0,71.5,47.0,60.7,7.0,0,2,1,47.8
3.8,80.8,78.4,57.9,8.0,0,3,1,56.6
2.1,82.0,78.4,49.0,6.5,0,1,1,41.3
0.7,74.4,92.4,66.3,8.2,0,2,0,45.6
3.0,86.2,58.9,73.5,7.9,0,2,1,42.4
5.9,71.4,75.7,79.4,5.1,1,2,1,56.8
4.5,90.2,99.2,92.1,5.6,1,2,1,66.1
1.3,59.2,55.7,84.5,7.7,0,1,1,34.3
4.4,79.8,42.0,71.6,3.0,0,1,1,36.0
4.8,100.0,36.8,71.4,6.3,1,2,1,62.4
2.1,64.0,75.7,84.2,4.6,0,1,1,34.3
4.3,68.5,36.8,97.9,5.9,0,2,1,45.0
4.1,85.2,59.4,77.3,6.1,0,3,0,60.7
1.5,80.5,71.6,66.6,6.0,1,2,1,45.9
4.8,82.9,67.8,57.1,5.8,0,2,1,52.5
5.2,84.8,71.4,49.0,5.1,1,3,0,56.3
6.4,86.9,68.3,87.0,9.5,1,1,1,71.9
6.3,93.5,84.2,85.4,8.9,0,2,1,68.0
1.0,83.7,50.7,85.4,5.0,1,2,1,49.7
1.9,74.6,54.8,72.7,8.6,1,3,1,50.3
5.1,87.4,53.4,100.0,6.0,0,3,0,52.1
5.1,100.0,77.5,66.3,6.7,0,3,1,69.6
5.1,76.1,78.5,92.2,6.4,0,3,0,56.9
12.0,64.4,71.8,74.3,5.6,0,1,1,67.9
5.3,93.5,82.8,64.0,7.8,0,1,1,42.0
6.5,76.3,47.3,85.7,6.7,0,2,1,54.1
6.1,47.6,90.0,82.4,5.9,0,1,0,42.7
5.4,89.9,87.8,81.4,4.8,1,2,0,54.7
3.3,70.5,76.0,76.5,5.3,0,2,1,43.0
5.7,76.7,91.7,74.3,4.4,0,1,1,48.8
2.3,82.6,40.2,100.0,6.5,0,3,0,45.7
3.5,80.7,57.1,96.3,4.9,0,1,0,33.2
2.9,87.9,54.0,88.0,6.2,0,2,0,48.3
4.2,71.9,75.8,77.0,8.3,0,2,1,61.8
9.1,85.2,49.2,93.1,8.1,0,2,1,69.0
0.0,74.4,76.4,84.3,6.5,1,2,0,46.6
5.5,88.3,85.6,75.5,6.4,1,1,1,66.7
0.5,86.6,75.4,69.5,8.9,0,2,0,53.1
3.0,64.9,69.3,73.5,7.2,1,3,1,63.0
6.4,93.2,50.2,17.9,6.1,1,3,1,55.8
4.1,70.5,52.3,78.8,4.6,0,2,1,38.7
1.6,89.3,83.7,66.2,7.0,1,2,1,57.9
2.4,83.1,76.7,100.0,7.6,1,2,1,60.7
5.5,100.0,64.4,75.3,5.7,0,3,1,68.0
2.4,74.9,58.7,53.6,6.9,0,2,1,52.9
4.5,73.1,34.6,74.1,6.0,0,2,1,42.9
4.1,77.7,48.9,56.2,6.3,0,3,1,51.2
2.6,73.8,93.7,83.5,3.3,1,2,1,43.4
8.7,89.2,45.8,80.2,6.2,0,1,1,71.5
5.4,55.4,67.8,92.2,7.8,1,2,0,50.1
0.0,63.2,80.1,60.8,5.7,1,1,1,31.7
4.4,63.1,46.2,75.6,6.6,1,2,1,43.8
2.5,91.3,67.8,50.4,5.5,1,2,1,45.5
5.9,100.0,79.1,87.6,7.0,0,3,1,66.1
2.3,76.5,65.2,84.3,6.2,0,2,1,41.9
3.7,75.6,100.0,83.9,5.3,1,2,1,49.3
5.1,79.0,40.0,75.0,8.2,0,1,1,42.1
5.9,94.3,80.9,82.5,7.7,0,3,1,81.5
1.4,65.0,62.4,100.0,5.7,1,1,1,42.8
3.3,81.3,76.6,69.9,7.1,1,2,0,58.1
3.0,91.7,71.6,77.5,7.2,0,1,1,56.7
2.6,85.0,54.0,55.4,7.3,1,3,1,63.0
7.9,80.7,68.4,59.4,4.3,1,2,0,47.7
4.9,92.0,37.1,76.8,7.8,0,2,1,45.7
1.2,40.2,74.0,94.9,5.8,0,2,0,26.6
6.0,87.5,69.5,70.4,6.0,1,3,1,62.3
8.7,68.8,74.6,70.8,9.9,0,2,0,63.0
6.3,52.4,80.9,67.7,6.9,0,2,0,46.9
0.7,85.2,70.5,65.4,6.0,0,3,0,45.3
2.9,97.2,67.2,80.3,3.6,1,3,0,54.5
6.8,76.1,51.8,48.0,8.3,0,2,1,50.1
2.4,91.3,54.3,98.1,4.8,0,3,1,38.0
5.0,100.0,82.8,63.0,5.2,0,1,1,49.6
5.7,96.4,86.5,88.0,6.1,1,2,1,64.8
2.0,100.0,61.4,52.1,8.3,0,3,1,53.0
3.9,88.4,65.7,87.0,7.5,0,2,1,48.7
0.0,79.1,51.4,87.1,6.3,1,2,0,35.2
1.7,55.6,82.6,81.9,6.9,0,2,1,34.8
3.4,74.6,75.0,57.1,5.7,1,2,1,48.5
1.3,66.2,94.1,79.5,6.7,1,2,1,41.7
7.6,100.0,51.8,53.7,6.6,1,2,1,59.8
0.9,75.5,59.3,70.5,7.8,0,3,1,36.7
3.0,79.7,68.5,93.5,7.8,1,2,1,54.2
4.3,85.7,74.7,89.3,7.1,1,1,1,51.1
7.2,78.6,61.8,75.3,6.0,1,3,1,70.0
0.8,100.0,51.9,57.5,7.5,0,2,1,47.1
6.6,69.3,78.2,86.6,6.4,1,1,1,56.6
4.0,80.7,75.8,75.3,5.1,0,1,1,42.0
1.8,67.6,51.3,33.2,6.0,0,2,0,33.3
5.0,59.5,85.3,89.1,6.6,0,1,1,52.9
4.4,69.4,82.6,74.6,7.7,1,1,1,53.6
2.7,77.5,67.0,96.6,6.3,0,2,1,57.8
4.2,72.0,66.2,55.3,4.9,0,2,0,45.1
3.2,68.3,73.3,17.8,6.6,1,2,1,49.1
4.2,58.3,52.1,80.0,6.6,0,3,1,47.6
5.5,76.8,65.5,80.2,6.7,1,3,1,65.6
7.5,56.9,32.7,44.6,7.7,0,2,1,40.8
1.3,88.6,78.1,57.4,7.8,0,1,1,41.5
8.7,79.2,41.6,100.0,5.7,1,3,0,67.1
0.0,57.6,87.6,69.5,5.7,1,1,1,36.3
3.7,73.7,60.0,88.2,5.1,0,3,1,53.0
5.3,67.5,61.8,63.3,7.4,1,1,1,55.5
4.6,82.5,55.6,37.4,8.4,0,3,0,43.6
2.6,96.8,60.7,71.9,6.1,0,2,1,44.0
3.5,51.7,86.3,70.2,6.2,0,2,1,45.4
2.9,79.6,27.7,67.8,8.4,0,2,1,37.6
2.7,75.8,84.2,72.9,7.2,0,2,1,70.4
5.9,87.4,70.1,79.8,7.1,0,2,0,61.3
4.8,81.0,46.9,72.3,5.0,0,2,1,46.3
2.5,67.5,48.9,52.2,7.4,0,2,1,35.2
6.0,73.5,90.1,83.8,5.3,0,1,1,51.3
4.7,66.9,50.8,39.9,5.0,0,1,1,36.0
5.8,93.1,47.7,38.1,6.0,1,2,1,55.2
5.4,78.3,82.1,88.3,5.7,1,1,1,53.7
2.2,100.0,70.1,84.1,6.2,0,2,1,51.2
2.8,77.2,50.9,74.0,4.6,1,1,1,47.5
5.6,68.1,68.2,49.9,7.7,1,2,1,62.8
5.3,56.8,49.6,62.3,8.0,0,1,0,40.6
4.0,52.8,81.5,70.3,4.0,0,2,1,33.1
4.3,55.8,80.9,46.3,7.8,1,1,0,46.4
6.8,81.7,73.0,61.7,5.4,0,1,1,62.9
2.7,85.1,70.4,86.7,7.6,1,1,1,59.5
5.2,55.9,91.4,100.0,6.4,1,3,1,65.6
3.6,90.5,65.0,67.5,6.5,1,1,1,59.2
3.5,71.2,47.3,88.6,6.3,1,2,1,47.3
6.4,80.1,71.7,40.5,8.1,0,1,1,57.3
5.8,100.0,96.3,86.9,4.9,0,1,1,58.5
5.8,90.6,49.8,60.5,7.3,1,2,1,60.1
6.9,74.2,59.6,80.5,7.9,0,2,1,66.4
4.0,65.5,71.2,70.5,7.4,1,3,0,49.9
5.5,47.9,64.2,98.8,9.5,1,3,0,51.6
3.3,67.9,50.3,59.3,5.8,1,3,0,45.0
4.7,75.0,81.8,86.3,7.7,0,2,1,56.0
3.7,64.2,99.8,70.0,6.4,0,2,1,55.0
4.2,76.2,67.9,72.2,8.1,0,2,1,49.9
5.3,79.1,51.4,71.7,6.5,0,3,1,65.1
2.2,74.9,41.8,59.8,6.0,1,2,0,30.2
8.6,68.9,68.9,74.7,8.2,1,2,1,73.8
1.8,80.4,81.6,73.9,5.9,1,1,0,39.0
1.3,84.2,72.1,79.3,4.7,0,1,1,28.6
6.5,62.7,65.0,76.5,5.8,0,3,1,57.0
5.7,97.8,56.2,89.4,7.3,1,2,0,61.0
5.4,76.6,48.6,91.6,8.3,0,2,1,47.7
5.4,78.3,77.5,56.1,6.6,0,1,0,38.5
4.0,87.9,78.7,90.6,8.2,1,3,1,66.6
2.0,81.3,41.8,53.6,4.7,1,1,0,38.7
4.2,91.3,88.8,85.6,5.9,0,3,1,66.8
2.5,82.0,73.6,86.2,6.1,1,1,0,46.5
6.1,69.4,86.0,40.6,6.4,0,3,1,60.7
3.7,83.1,44.9,76.7,6.6,1,2,1,49.6
2.2,62.0,44.5,66.6,7.4,0,1,1,23.8
3.3,79.5,62.8,61.3,5.9,0,2,1,37.1
4.9,77.5,72.5,99.3,6.7,1,2,1,58.2
2.8,75.1,91.9,63.2,6.4,0,1,1,44.7
2.2,76.2,75.6,60.5,5.3,1,3,0,53.2
4.5,51.7,61.4,76.4,6.4,1,2,1,50.2
4.5,70.3,49.6,87.3,6.3,1,2,1,53.6
2.9,79.3,83.5,72.5,6.3,1,1,1,47.5
3.0,80.2,50.5,96.0,6.5,0,2,1,38.6
4.5,63.6,89.4,84.6,6.6,1,3,0,60.4
0.8,95.7,60.7,35.8,5.9,0,2,1,43.8
0.9,65.9,88.9,65.5,8.2,0,3,1,33.5
2.4,91.6,75.2,64.9,5.0,1,3,1,50.2
3.5,84.0,62.9,83.6,5.6,0,1,1,41.2
4.7,69.0,57.2,27.8,10.0,0,1,0,42.7
7.2,100.0,59.9,100.0,5.2,0,3,1,64.2
5.9,61.3,71.4,84.6,4.7,1,2,1,52.5
3.6,90.9,66.2,77.7,7.5,1,1,1,52.4
4.0,92.0,56.1,96.3,3.8,0,2,1,49.3
1.8,68.6,62.5,100.0,6.2,0,2,1,38.1
4.0,97.5,66.2,90.7,9.3,1,3,1,64.7
3.4,74.5,33.1,92.1,4.5,0,1,1,28.8
4.7,82.0,71.9,77.4,3.9,0,1,1,49.1
2.2,81.6,50.3,72.5,4.6,0,3,1,47.2
5.1,76.1,47.7,66.4,7.7,0,3,1,49.3
7.4,89.4,39.7,60.1,8.0,0,2,1,67.5
3.8,89.1,38.1,62.6,5.8,1,3,1,50.0
4.9,53.5,44.7,50.7,7.4,0,2,1,49.0
5.5,96.3,54.4,73.6,8.3,1,3,1,63.2
3.1,54.7,94.3,44.7,8.8,1,2,1,37.5
4.5,92.5,57.1,78.4,6.2,1,1,1,55.3
4.0,93.8,67.7,74.3,3.5,0,2,1,52.1
4.2,62.7,71.0,77.6,5.4,0,2,1,45.9
2.3,72.2,67.0,65.6,5.9,0,3,0,40.1
4.1,62.5,63.8,100.0,6.2,1,2,1,49.9
5.1,75.0,47.1,99.5,6.3,0,3,1,51.4
7.2,73.7,86.8,52.6,8.0,0,3,1,64.0
6.1,88.9,92.1,79.2,8.2,0,1,1,68.4
8.7,96.3,39.8,64.1,6.3,0,3,1,67.2
2.3,97.5,49.6,56.7,7.9,0,2,0,49.9
5.9,70.1,60.8,50.9,7.0,0,3,1,52.9
4.4,75.1,50.5,82.8,6.6,0,2,1,46.1
8.8,54.4,72.6,62.7,7.7,0,2,1,51.4
2.2,66.7,54.1,92.4,6.6,0,2,1,39.0
2.2,91.5,97.5,92.9,9.2,1,1,1,40.1
2.7,100.0,82.9,99.7,4.6,0,1,1,48.5
0.0,60.7,68.2,59.7,5.8,0,2,1,31.1
2.8,69.7,80.4,83.6,6.3,0,3,1,55.2
2.3,77.6,81.6,86.4,7.1,0,2,1,48.8
4.3,81.9,56.5,66.5,8.1,1,2,1,57.0
4.8,66.7,52.8,61.1,6.5,0,2,0,29.6
8.1,83.9,66.2,100.0,4.7,1,2,0,63.8
6.1,71.4,77.9,79.1,7.6,1,1,1,47.3
2.7,77.8,67.1,86.4,7.5,1,3,1,49.0
2.0,85.6,41.3,60.2,4.0,0,3,1,39.5
5.1,78.1,53.0,53.1,6.5,0,2,1,56.0
1.1,71.9,63.9,64.7,4.4,1,1,1,36.8
8.0,76.5,63.9,72.8,5.6,0,1,1,55.0
6.6,76.8,94.6,55.8,5.3,1,2,0,59.9
3.0,72.8,44.2,74.8,7.6,1,2,1,41.5
0.2,74.4,72.6,44.6,6.7,1,3,1,40.7
7.0,100.0,87.3,54.8,4.8,0,2,0,65.3
3.7,85.9,99.1,87.1,7.6,1,3,1,59.9
6.7,73.9,58.9,85.9,4.6,1,2,1,59.9
0.5,87.8,72.4,67.9,6.9,1,2,1,45.0
2.7,73.3,73.5,56.7,5.4,0,2,0,46.0
4.0,94.4,67.9,56.5,6.0,0,1,1,54.6
4.1,83.2,63.5,68.3,7.2,0,2,1,41.7
3.0,76.5,71.5,86.6,7.2,0,3,0,48.6
5.4,84.3,27.0,91.7,8.2,0,2,1,47.1
1.7,56.0,75.2,66.1,6.4,1,3,1,33.8
3.7,62.2,66.9,54.2,6.9,0,2,1,36.9
4.3,61.3,61.7,79.8,5.9,1,1,1,58.2
5.1,80.0,95.7,60.2,6.7,0,2,1,62.3
5.6,100.0,54.9,65.7,7.1,0,2,1,70.2
1.5,100.0,59.0,98.9,6.4,0,2,1,55.5
0.6,86.9,94.9,89.9,4.2,0,1,1,38.6
6.8,85.0,52.5,77.8,6.9,1,2,1,59.0
4.7,52.8,56.7,52.1,7.0,0,1,1,40.6
2.4,70.4,62.8,78.8,5.6,1,1,0,41.2
7.4,67.0,77.6,94.1,4.8,0,2,1,54.6
4.3,69.3,68.1,68.2,8.4,1,2,1,44.7
6.6,75.6,45.6,99.3,7.1,0,3,1,79.6
4.1,71.4,57.0,98.3,6.2,0,2,1,47.7
8.5,50.3,55.9,100.0,5.0,0,3,0,52.7
7.9,88.5,63.8,80.5,5.4,0,2,1,63.2
3.5,63.0,71.4,85.6,8.2,0,2,1,47.2
6.1,81.3,71.3,100.0,6.7,1,2,1,64.6
5.4,100.0,38.4,83.1,5.8,1,3,1,69.6
7.0,65.1,81.0,66.0,7.2,1,2,1,60.0
1.9,42.6,68.8,66.9,5.4,0,3,1,28.7
5.5,74.0,85.8,79.3,8.5,0,2,1,59.4
6.3,93.4,71.7,51.8,8.3,0,1,1,55.9
0.1,100.0,81.5,72.4,5.9,1,2,1,59.3
1.4,60.8,72.0,94.7,5.7,1,1,1,45.6
0.0,85.0,85.2,35.6,3.1,1,2,1,39.4
3.4,71.5,72.8,100.0,4.6,1,1,1,38.7
5.6,76.5,63.5,95.2,4.8,0,2,1,45.6
7.3,100.0,99.1,66.7,6.7,0,3,1,76.0
4.2,57.0,78.3,84.8,6.1,0,2,1,49.0
7.6,81.6,73.6,75.1,4.8,0,3,1,61.8
1.0,84.5,45.9,97.1,6.1,0,2,1,38.3
0.3,93.2,45.7,92.7,7.2,0,2,1,39.2
3.9,79.4,69.4,49.8,7.2,1,3,0,54.2
4.8,82.3,67.2,85.6,4.0,1,3,0,42.0
3.9,72.5,55.8,71.3,6.3,1,3,1,45.9
0.0,81.8,67.1,76.5,4.7,1,2,1,36.9
3.8,73.2,88.8,61.9,7.7,0,2,1,60.3
1.1,86.7,75.4,100.0,7.5,0,1,0,39.7
5.5,72.8,47.9,93.7,5.3,1,2,1,53.2
4.8,83.3,63.3,61.7,5.5,0,2,1,51.9
1.9,77.6,52.9,51.0,5.9,0,3,1,50.0
2.9,93.8,59.2,68.1,3.6,0,3,1,56.7
1.7,77.3,58.8,82.8,6.9,0,2,1,43.0
3.9,53.2,57.8,79.3,6.1,0,1,1,33.6
6.1,95.7,46.2,97.6,7.8,0,3,0,59.4
1.8,65.3,63.1,89.2,5.1,0,1,1,33.4
5.1,68.8,56.6,92.5,5.7,1,2,1,49.5
2.8,69.7,21.1,80.9,4.5,0,1,1,32.3
2.3,97.2,95.8,50.0,5.2,0,2,1,55.0
3.8,48.1,81.3,71.5,5.0,0,3,1,48.4
1.7,100.0,59.4,94.1,7.8,0,1,1,56.4
2.8,92.8,65.3,74.1,5.6,1,2,1,63.7
1.4,81.1,47.4,84.1,6.7,1,2,1,44.8
8.3,77.2,90.4,69.3,6.0,1,3,1,79.1
4.1,82.0,93.5,56.5,4.8,0,3,1,54.5
2.5,85.3,67.4,72.8,6.3,0,1,0,48.8
4.5,87.0,80.4,80.6,7.3,0,1,0,59.0
3.8,85.8,67.6,63.2,4.9,0,2,1,54.5
3.5,79.3,44.9,70.8,7.6,0,2,0,44.6
5.4,75.2,58.8,58.1,5.4,0,2,0,42.2
5.7,75.9,67.0,95.1,5.9,0,1,1,43.0
2.8,75.3,58.2,69.7,7.2,1,1,1,43.7
2.7,93.9,61.7,100.0,5.6,0,2,1,60.8
3.4,86.3,63.6,100.0,6.5,1,1,1,50.1
0.0,36.8,63.8,73.5,6.1,0,3,1,34.0
0.7,87.2,65.8,56.8,6.7,0,1,1,42.9
7.0,80.7,49.1,37.5,3.4,1,1,1,44.8
7.6,77.7,54.2,48.5,4.1,1,3,1,66.4
3.5,72.6,45.7,50.3,7.3,0,2,1,24.1
5.3,93.7,79.7,99.8,7.8,0,2,1,58.2
4.7,91.3,33.4,77.1,5.3,0,1,1,38.4
10.8,67.2,82.3,82.0,6.2,0,2,0,62.3
6.5,83.7,85.8,35.0,6.9,1,2,0,62.2
3.7,64.4,60.5,53.4,7.4,1,2,0,46.0
1.9,58.7,26.0,91.0,3.9,1,3,1,37.4
0.5,69.2,59.6,80.2,5.3,0,2,0,36.6
4.4,90.1,64.0,72.4,6.1,1,2,1,50.9
2.3,91.3,49.8,85.2,7.4,0,2,0,39.2
0.9,85.2,57.3,100.0,9.7,1,2,1,54.4
2.6,88.2,88.0,71.0,6.2,1,1,1,47.9
1.6,85.2,75.0,76.2,4.7,0,2,1,35.3
7.7,69.0,51.1,78.5,7.0,0,2,1,61.7
5.9,84.0,41.0,100.0,8.2,0,2,0,63.7
4.0,89.2,60.1,37.2,6.6,0,3,1,62.0
7.3,88.6,61.8,87.3,5.3,1,2,0,63.1
4.2,94.6,72.4,72.9,7.7,0,3,1,66.2
2.1,87.9,57.0,85.2,7.4,0,2,1,56.4
7.4,82.9,72.7,63.2,5.2,0,2,0,53.2
5.2,93.0,94.0,74.1,7.0,1,3,0,75.8
1.7,77.6,77.2,87.8,7.8,0,2,1,50.7
3.6,65.7,64.3,100.0,8.0,1,2,1,58.1
2.1,75.7,62.3,89.5,6.4,1,1,1,44.7
1.0,67.6,59.6,59.7,6.0,1,2,1,45.7
6.0,68.5,82.7,67.4,8.1,0,2,1,59.2
8.2,76.0,55.6,66.8,4.9,0,3,0,49.0
0.9,66.9,65.7,42.7,7.1,0,2,1,44.4
5.2,73.7,65.8,69.1,4.7,0,3,0,45.2
2.6,51.5,57.5,88.2,7.9,0,2,1,47.3
2.9,81.0,44.4,52.1,6.2,1,2,1,43.3
2.7,78.0,69.8,93.9,8.1,0,2,0,56.6
2.1,66.6,64.1,83.8,7.1,1,3,1,56.6
4.1,87.2,72.5,61.8,4.9,0,3,1,57.3
2.2,91.1,57.0,72.5,8.4,1,1,1,51.6
4.6,55.5,83.3,100.0,8.5,1,2,0,57.5
3.9,67.3,51.8,88.2,7.6,1,2,0,35.7
3.5,67.2,90.7,75.2,5.5,1,1,1,48.5
2.0,64.8,38.8,70.7,6.1,1,2,1,30.3
2.7,89.6,71.5,76.4,6.7,1,3,1,59.5
5.7,75.3,72.1,65.8,5.6,0,2,0,44.0
5.1,74.3,53.1,37.1,8.7,0,2,1,41.8
1.8,49.9,71.4,100.0,6.7,0,2,1,49.1
4.2,86.9,84.2,77.8,3.0,0,2,1,58.4
5.7,60.7,31.7,82.2,6.9,0,1,1,40.0
0.3,78.8,72.5,74.0,6.0,0,2,1,41.7
5.2,81.9,27.6,61.8,6.4,0,3,1,47.9
2.5,97.0,50.5,71.7,6.0,0,2,1,51.0
5.3,59.7,89.4,46.2,7.5,0,1,1,43.4
2.3,35.7,56.3,100.0,8.0,1,1,1,40.4
0.0,80.6,47.4,52.8,6.9,0,1,1,28.8
0.4,100.0,62.0,56.4,6.1,1,2,1,43.8
4.1,95.3,96.0,67.1,6.4,0,3,0,62.8
4.6,80.9,37.5,98.2,6.5,1,1,0,42.6
2.0,71.1,49.2,75.3,5.5,1,3,1,46.5
5.4,89.3,87.5,52.7,7.3,1,2,0,58.3
0.3,64.4,92.9,97.6,7.1,1,2,1,50.1
3.9,84.7,63.4,88.2,8.5,0,3,1,66.7
1.3,85.1,46.4,84.7,8.1,1,1,1,38.9
2.6,92.8,96.4,87.9,5.6,1,3,1,62.7
4.1,100.0,88.9,100.0,7.6,1,1,0,65.4
2.1,83.5,75.2,100.0,5.3,1,2,0,47.3
3.2,70.9,52.8,62.6,7.4,0,3,1,49.8
6.2,77.6,64.3,100.0,5.8,1,3,1,67.6
2.7,53.2,62.6,81.9,5.2,0,2,1,43.6
5.8,68.3,70.0,84.0,6.9,0,2,1,50.9
1.5,72.3,86.8,44.5,3.0,0,2,1,31.6
5.2,70.7,78.2,71.9,4.2,1,3,1,55.0
7.2,80.1,48.8,60.4,6.3,0,1,1,44.5
0.0,66.5,85.6,89.9,6.6,0,3,1,48.4
2.2,93.7,69.7,94.3,6.0,0,2,1,44.8
5.3,78.0,75.3,37.7,4.4,1,2,1,65.7
3.6,77.9,87.0,74.6,5.4,1,2,1,62.1
4.8,73.4,48.3,95.2,7.0,0,2,0,48.3
2.7,80.2,64.5,71.6,7.3,0,3,1,56.7
4.2,89.6,57.0,88.1,6.5,1,2,1,46.7
3.7,65.9,41.5,81.3,8.0,1,3,1,65.6
6.6,68.8,70.2,81.1,7.0,1,1,1,52.2
4.6,73.7,100.0,70.1,5.5,0,2,1,54.5
4.7,59.2,37.4,53.1,6.1,1,3,1,33.9
3.1,66.5,64.5,54.8,4.7,0,2,1,41.9
2.9,71.3,74.6,87.8,6.4,0,2,0,39.2
3.0,90.2,66.8,75.4,7.9,0,2,1,54.0
4.9,81.7,63.3,72.5,7.4,0,3,1,54.9
3.1,80.7,45.5,67.4,8.3,1,3,0,44.7
4.6,89.9,68.5,69.5,6.1,0,1,1,45.9
8.6,76.1,53.6,93.8,8.2,0,3,1,69.7
5.9,83.5,32.2,69.0,6.2,0,2,1,41.6
3.3,76.6,82.9,50.9,8.4,0,2,1,47.0
6.6,81.7,79.4,88.4,6.5,0,3,0,68.5
3.1,69.8,65.8,71.3,7.4,0,2,1,61.7
0.0,43.9,68.4,75.6,8.4,0,3,1,38.9
1.8,76.1,81.1,100.0,6.2,1,2,1,45.9
0.0,97.9,68.4,74.6,6.8,1,1,1,42.5
3.2,91.0,78.6,80.2,8.2,1,2,1,60.5
4.0,91.5,60.5,53.8,6.3,0,1,1,44.6
7.7,95.3,84.7,71.0,4.8,1,3,1,78.8
4.7,79.2,69.8,86.0,9.3,1,2,1,62.8
3.5,80.8,67.9,47.0,5.9,1,2,1,54.6
5.8,69.4,45.9,78.6,6.7,1,1,0,44.3
0.0,73.6,69.3,76.8,8.0,0,2,1,48.6
4.5,86.6,52.5,75.7,5.7,1,3,1,56.3
5.7,94.9,55.4,93.7,5.2,0,1,1,47.8
0.7,76.0,52.8,81.0,6.8,0,2,1,51.9
6.5,71.7,49.0,100.0,4.2,0,3,1,43.9
4.7,78.0,96.9,57.1,6.1,0,2,1,51.5
3.1,86.4,85.0,77.4,6.8,1,3,1,57.8
5.4,57.8,93.8,76.5,6.1,0,1,1,64.1
9.0,45.9,46.7,55.8,4.5,0,2,0,54.4
4.4,70.3,66.1,92.2,8.6,1,3,1,69.7
4.5,60.9,45.6,100.0,6.6,0,2,1,43.1
3.0,70.9,54.6,74.7,8.4,0,2,1,60.1
2.1,75.9,51.2,84.1,6.2,1,2,0,44.9
5.8,71.7,83.6,76.5,5.4,1,2,1,64.1
2.1,98.3,59.1,62.2,6.8,0,1,1,45.8
4.2,82.6,81.0,42.2,6.2,1,3,1,57.9
2.9,82.2,74.1,62.3,5.0,0,2,1,44.9
5.1,86.7,99.6,49.9,8.4,0,2,0,59.4
4.7,62.1,42.8,100.0,5.7,0,3,1,51.6
6.3,92.5,83.9,72.9,4.1,0,2,0,60.8
2.9,76.9,82.2,68.8,8.2,1,2,0,52.6
3.4,87.4,50.4,91.0,5.8,1,3,1,64.8
1.8,63.0,80.1,54.8,5.7,0,3,1,25.3
3.0,56.2,70.0,61.2,4.2,0,2,0,37.8
4.8,89.5,61.6,76.2,8.8,1,1,0,59.8
5.7,83.3,52.6,93.5,4.8,0,1,1,55.8
2.0,65.4,54.2,84.0,6.6,0,2,1,38.9
5.9,65.8,95.7,79.5,7.7,1,2,1,64.2
7.0,93.8,65.0,76.4,7.0,1,3,1,76.8
4.9,61.3,76.7,82.2,6.4,1,3,1,66.3
8.1,100.0,53.1,78.6,4.3,0,3,1,64.9
2.3,65.4,53.3,56.5,5.4,1,2,1,40.1
1.3,86.9,81.2,75.8,6.7,0,3,1,62.6
0.1,73.4,44.8,55.7,5.5,0,2,1,17.3
7.3,86.4,58.8,76.5,6.8,0,1,1,52.8
5.4,70.4,65.5,66.3,7.4,0,1,1,57.0
3.9,75.7,66.7,100.0,7.8,0,2,0,58.1
4.6,78.6,62.3,74.3,4.9,0,3,1,55.9
1.5,64.0,70.9,49.7,9.4,0,1,1,35.0
9.4,88.4,75.4,72.6,7.5,1,1,0,63.1
4.3,70.8,76.0,84.3,6.5,0,3,1,52.1
4.2,74.8,50.2,100.0,7.9,0,1,1,56.5
5.6,64.1,60.7,64.4,9.6,0,3,1,53.1
5.1,42.1,82.9,46.5,4.6,0,2,1,40.6
4.5,75.3,78.4,89.7,6.2,1,1,1,48.6
2.3,100.0,44.4,50.1,3.4,0,3,1,49.4
5.0,89.0,70.3,67.1,6.8,1,1,1,52.5
8.1,77.7,35.3,70.4,7.0,0,2,1,55.1
7.0,74.3,65.7,73.7,6.4,0,2,0,44.9
7.5,78.3,93.5,87.4,5.6,1,1,0,52.7
2.9,85.7,50.8,62.7,3.8,1,1,1,40.0
1.8,61.5,52.5,70.1,7.0,0,1,0,22.6
3.7,93.6,76.5,74.7,8.4,1,1,0,68.5
4.1,88.0,41.9,77.7,5.7,0,3,0,37.3
6.4,88.1,55.5,76.8,7.1,1,2,1,56.9
0.3,84.1,73.9,82.8,4.5,1,2,1,43.9
7.4,78.3,55.5,90.2,7.1,1,2,1,60.7
3.7,87.4,61.5,82.1,6.0,1,3,1,51.3
3.1,86.3,76.2,83.2,5.5,0,3,0,47.5
1.8,73.0,71.3,46.5,5.5,1,2,1,36.1
0.4,70.0,69.0,75.9,6.0,0,3,1,39.6
5.8,79.4,59.9,83.6,7.0,0,2,1,67.7
4.2,99.7,70.6,88.1,4.8,0,2,1,57.1
1.2,60.7,63.1,62.5,6.0,0,2,1,41.4
1.2,57.5,71.9,63.1,6.4,1,2,0,39.9
3.3,80.3,57.5,64.7,5.1,0,2,1,50.5
7.7,78.7,62.3,84.7,8.8,0,2,0,45.5
3.4,80.4,50.2,93.6,5.4,0,3,1,48.4
0.7,81.4,64.5,67.7,5.6,0,3,1,51.3
3.5,74.9,52.8,91.3,5.2,1,2,1,44.3
3.4,98.9,48.3,77.2,8.8,0,2,0,63.4
0.0,55.6,68.9,72.8,7.2,1,2,0,43.5
3.9,66.4,68.2,71.2,5.3,1,1,1,40.7
3.5,76.6,76.7,88.4,7.9,1,2,1,53.8
5.5,55.0,58.5,80.9,6.8,0,2,1,40.8
8.1,75.5,71.1,100.0,6.8,1,1,1,59.9
6.5,100.0,73.3,59.7,6.1,0,3,1,59.4
3.4,78.3,71.7,84.3,5.5,1,2,1,54.7
1.6,81.2,52.6,65.5,6.9,0,2,0,30.5
9.7,60.4,67.2,59.4,5.8,0,1,0,55.9
4.1,69.4,70.5,74.8,8.9,0,1,1,52.0
4.0,72.7,65.1,77.5,4.8,1,3,1,43.2
3.9,73.6,33.7,100.0,8.5,0,2,0,54.9
4.4,95.9,67.4,71.7,6.4,0,3,0,61.5
3.7,85.8,98.2,54.7,6.9,0,3,0,63.0
2.7,62.4,59.6,79.9,7.6,1,2,1,41.1
2.8,81.5,54.1,37.7,5.7,1,2,0,45.1
3.9,85.0,70.6,73.3,7.6,0,3,1,65.1
2.8,94.0,69.7,75.3,3.0,1,3,1,53.4
2.4,100.0,82.9,89.3,5.6,0,2,1,67.7
4.2,63.8,46.1,92.5,5.3,0,3,0,44.7
3.4,66.6,76.0,65.9,4.9,1,3,1,57.6
7.3,60.4,73.9,72.3,6.2,0,2,0,54.7
0.0,74.7,62.9,61.2,7.0,0,2,1,40.1
6.4,84.5,70.1,54.7,7.4,0,3,0,50.9
6.7,91.8,80.4,80.6,6.8,0,2,1,68.0
0.0,76.9,78.1,52.1,5.6,0,1,1,28.9
3.2,73.5,47.9,67.5,7.0,0,2,1,37.9
3.2,80.1,77.3,57.1,6.7,0,1,1,55.6
0.9,66.3,64.0,84.9,7.7,0,1,1,35.0
2.3,100.0,66.1,100.0,7.5,0,3,1,53.9
1.6,55.5,66.1,51.6,6.5,0,1,1,28.0
7.9,80.6,62.7,41.6,5.3,0,1,1,44.1
6.1,100.0,82.9,72.8,5.7,1,2,1,75.9
6.8,78.1,63.7,75.3,5.8,0,2,1,52.2
5.6,75.3,48.2,78.9,6.1,1,2,1,56.1
1.5,73.0,59.1,67.0,6.8,1,1,1,47.1
2.8,75.5,67.7,71.4,7.4,1,1,0,41.4
5.1,97.2,83.4,81.6,6.4,0,1,0,60.1
1.3,47.0,74.0,93.7,6.5,0,2,0,28.6
5.6,99.5,52.2,39.8,6.7,0,2,0,67.6
3.5,58.1,100.0,68.4,5.8,1,3,1,60.3
3.2,74.3,69.0,78.8,5.3,0,2,1,44.6
5.6,72.0,84.1,58.5,4.2,1,1,1,45.5
5.0,86.2,62.7,100.0,5.6,1,2,1,58.1
3.2,55.6,73.0,63.6,7.1,0,2,1,40.3
6.6,84.5,77.6,74.3,5.6,0,2,1,71.7
1.6,100.0,83.3,85.0,6.2,1,2,1,49.6
5.4,58.9,80.9,64.4,7.1,0,2,1,51.7
5.3,80.7,78.1,41.8,7.2,0,3,0,56.5
3.3,68.7,60.3,67.3,5.1,1,3,1,47.6
4.7,84.0,56.4,93.5,7.8,0,2,1,55.1
1.2,78.3,70.0,68.9,8.0,1,2,1,47.1
6.0,69.0,79.0,59.8,5.0,1,2,1,60.2
3.6,84.8,61.7,91.7,5.4,1,3,1,60.8
2.9,100.0,81.0,69.0,8.0,0,3,1,64.7
6.3,75.3,86.8,65.8,6.3,0,1,0,34.5
2.5,88.1,51.3,77.7,3.6,0,1,0,37.5
0.9,59.9,52.4,88.9,4.7,0,2,1,22.0
0.6,64.6,62.9,100.0,6.2,0,1,1,37.7
5.3,84.6,69.6,89.9,5.0,0,2,1,64.6
1.2,98.8,57.1,95.9,6.0,0,1,1,38.3
7.9,83.0,85.3,65.9,6.5,0,2,1,63.8
0.0,73.6,71.4,56.5,8.4,1,3,1,43.0
7.7,78.0,65.6,76.1,6.1,0,3,1,71.4
4.5,60.5,43.5,76.9,7.9,0,2,0,42.4
3.8,86.5,45.3,55.6,8.4,1,2,1,62.1
2.8,90.4,69.2,71.8,8.4,1,3,1,63.0
4.9,71.7,33.0,82.2,6.9,0,1,0,40.7
3.9,71.4,80.2,81.5,3.9,0,2,0,45.9
6.4,81.7,62.6,84.1,7.1,0,2,1,64.0
4.3,71.9,100.0,80.2,7.9,1,1,0,44.9
4.3,77.1,99.6,65.9,6.4,1,2,1,59.9
3.2,100.0,62.3,65.7,8.8,1,1,1,54.7
3.9,74.5,63.4,53.4,7.6,0,2,1,52.0
4.7,73.0,79.9,100.0,7.2,0,2,1,55.7
0.2,68.9,90.5,75.2,7.9,0,2,1,37.6
1.0,88.4,40.4,71.0,6.9,1,1,1,39.0
5.6,75.5,38.2,58.3,3.3,1,3,1,42.3
4.4,68.9,55.7,100.0,5.9,1,2,1,39.3
3.6,96.5,73.7,55.7,8.1,0,2,1,60.8
4.0,97.9,72.5,67.3,5.5,0,2,1,58.5
4.8,69.6,81.0,82.5,6.2,0,2,1,55.8
2.8,51.9,47.0,85.8,5.1,1,1,1,40.9
2.3,92.1,30.3,92.2,8.8,1,2,1,46.6
4.4,68.4,77.9,100.0,8.7,0,1,0,41.9
1.8,89.1,52.6,84.1,5.4,0,1,1,39.4
4.9,50.4,34.7,56.0,6.7,0,2,0,32.3
0.3,90.5,67.2,70.4,5.6,0,1,1,32.7
6.3,61.0,76.9,80.5,7.3,1,2,1,57.8
5.0,88.2,63.2,100.0,7.2,0,2,0,53.3
4.6,78.2,58.1,49.8,7.6,1,2,1,41.2
6.2,64.6,62.6,96.6,6.9,0,2,1,51.6
7.7,72.3,59.4,78.2,10.0,1,2,1,59.0
6.2,87.6,44.8,90.1,5.2,0,2,1,55.8
0.0,79.5,54.3,73.2,4.3,1,2,1,32.5
1.2,86.2,72.8,59.8,6.0,0,2,1,50.4
2.6,100.0,69.8,88.5,4.5,0,2,1,61.5
4.1,56.1,67.5,86.8,4.6,0,2,0,44.3
5.1,100.0,50.1,92.5,5.2,0,2,0,45.1
2.4,79.5,62.3,74.8,5.3,0,3,1,56.5
4.4,65.4,32.3,64.2,5.3,0,3,1,51.2
2.3,59.4,67.7,46.9,7.2,1,1,1,37.5
2.7,75.4,86.4,89.7,5.8,0,1,1,54.0
0.9,90.9,42.9,82.6,6.3,1,1,0,34.7
2.0,76.2,56.2,57.6,7.7,1,1,1,29.7
1.0,99.2,69.9,65.3,5.5,0,1,1,37.8
1.9,57.7,83.8,66.6,6.2,1,2,1,53.5
6.3,77.8,58.3,48.3,7.0,0,3,1,48.0
1.9,60.5,54.6,60.3,4.0,0,2,1,31.4
9.8,83.1,35.5,54.6,3.4,0,1,1,51.2
5.1,90.4,66.6,67.6,6.9,1,2,1,56.8
4.4,72.1,95.6,61.7,7.1,0,2,1,52.3
2.1,41.5,69.2,45.7,9.2,0,3,0,38.0
5.5,80.8,64.7,100.0,6.7,0,3,1,58.4
2.7,84.1,69.8,97.5,7.6,1,3,0,49.4
4.3,83.7,64.8,61.0,6.2,0,2,0,49.8
9.6,95.3,52.8,79.9,6.9,1,2,1,78.9
3.8,63.0,77.3,82.5,8.7,1,1,1,55.4
6.5,87.5,68.4,96.4,3.7,1,2,1,56.6
2.5,94.7,65.3,60.3,7.0,1,1,1,41.4
3.9,53.1,50.4,94.7,9.3,1,2,1,46.7
7.9,82.5,84.6,65.1,6.9,0,2,1,75.0
2.6,70.9,75.0,51.0,8.6,0,2,0,48.6
8.0,76.9,56.7,88.0,5.7,0,1,1,59.3
5.6,82.9,80.0,98.2,6.5,0,1,1,62.3
2.8,71.2,57.5,100.0,6.5,0,1,1,43.9
5.4,68.5,53.3,53.4,3.6,0,1,0,36.8
6.1,78.5,53.6,87.6,5.0,0,1,1,52.7
5.4,62.8,38.4,67.6,5.1,1,1,0,34.6
0.5,62.8,72.1,89.1,7.6,0,1,1,27.6
2.4,87.5,37.5,48.5,7.6,1,3,1,53.1
3.5,61.9,46.6,52.3,6.9,0,2,1,45.6
3.8,87.3,33.9,61.0,7.6,1,1,1,38.5
5.4,84.5,63.7,76.4,6.3,1,2,1,63.1
4.4,53.8,62.7,63.5,8.1,0,3,1,58.5
1.1,68.5,60.1,86.9,6.5,0,2,1,39.0
4.8,94.7,49.4,93.5,6.6,0,2,1,51.1
5.3,64.3,47.4,85.8,6.2,0,2,0,45.3
5.2,71.5,72.0,100.0,7.4,1,2,1,56.3
6.4,84.5,56.7,82.5,6.0,1,2,1,56.0
5.8,89.0,69.7,53.1,7.8,0,2,1,61.5
5.0,74.5,51.7,99.5,5.0,0,3,1,43.6
3.8,69.6,67.7,64.1,5.1,0,3,1,39.6
0.3,97.9,84.5,91.4,7.4,0,2,1,52.6
4.9,100.0,73.8,100.0,6.4,1,2,1,66.0
4.5,91.7,58.8,83.2,5.9,0,2,1,56.0
4.6,79.2,68.9,48.1,7.7,0,3,1,66.9
1.2,66.7,61.4,58.5,5.7,0,1,0,29.7
1.6,66.4,65.1,98.8,6.2,0,3,1,49.3
6.3,85.3,60.1,72.0,8.3,1,1,0,51.1
3.9,83.9,62.5,76.4,8.5,0,2,1,58.6
5.5,97.6,68.2,88.7,8.5,1,3,1,68.8
4.1,87.1,50.1,87.5,6.1,1,1,1,49.9
4.1,57.0,49.8,80.0,8.1,0,2,1,42.9
6.1,92.7,44.2,71.2,5.3,0,1,1,55.9
2.9,64.0,41.0,69.4,5.3,1,2,0,28.5
4.2,72.6,46.7,90.4,3.4,1,1,1,27.4
3.0,81.5,67.4,85.0,8.7,1,2,1,54.5
3.0,100.0,51.6,70.4,5.4,0,2,1,51.8
3.3,100.0,72.7,94.5,6.3,1,3,1,65.7
4.5,86.5,65.5,72.7,5.3,0,3,1,63.3
2.9,75.4,35.5,59.7,7.4,1,1,1,41.7
6.8,85.5,74.8,61.3,6.0,1,2,1,59.3
2.0,90.4,77.2,57.4,4.8,0,1,1,28.2
3.6,73.5,50.1,70.1,7.1,1,1,1,42.3
3.0,100.0,71.3,97.2,4.6,0,1,1,56.6
7.2,81.2,52.2,60.5,5.4,1,3,1,58.7
4.4,85.0,66.5,78.4,3.8,0,3,1,53.8
6.3,87.3,46.0,63.2,4.6,1,1,0,50.8
0.7,83.9,38.1,70.3,6.7,0,1,1,26.9
4.6,89.7,59.3,47.8,3.9,1,1,1,50.1
6.0,69.4,63.1,71.0,4.6,0,2,0,56.9
4.2,70.2,59.0,71.5,6.5,0,2,0,43.4
6.3,62.6,47.2,84.7,5.8,0,1,1,37.4
2.9,84.2,59.0,79.0,9.1,1,3,1,58.2
7.1,88.9,69.0,53.4,8.9,0,2,1,50.7
9.1,84.4,64.3,94.5,5.4,0,3,1,72.1
3.2,100.0,67.7,78.8,7.2,0,2,1,58.9
3.0,77.9,54.9,78.6,7.5,1,2,1,59.9
7.2,87.4,82.6,74.8,5.7,0,3,1,66.8
7.5,62.7,47.4,65.7,4.6,0,3,1,54.1
2.8,72.6,72.3,78.9,6.5,0,2,0,39.7
3.1,87.7,82.7,83.6,6.3,0,2,1,52.1
3.4,89.9,72.2,43.6,5.9,0,3,1,44.0
1.0,73.9,62.0,65.3,7.1,0,1,1,34.4
2.0,77.0,57.1,70.4,5.5,1,1,1,37.6
1.8,56.7,80.5,79.6,5.0,1,2,0,41.4
2.3,73.0,43.7,96.5,6.6,0,3,1,42.0
3.9,90.5,50.4,61.1,7.0,0,3,1,54.3
4.5,86.1,59.0,66.0,5.0,1,3,1,54.3
7.4,85.0,83.6,65.8,7.7,0,2,1,64.1
1.8,78.7,70.7,60.6,4.2,1,1,1,39.6
6.2,78.1,50.5,68.8,5.7,0,2,1,51.5
3.5,68.8,60.3,88.9,6.2,0,3,1,54.3
3.9,87.8,55.8,56.0,5.7,0,1,1,42.8
5.5,83.9,54.4,82.7,5.8,1,1,1,50.2
1.5,84.9,79.7,44.4,8.9,0,1,1,43.4
4.8,70.6,44.4,64.9,5.4,0,2,0,36.9
4.4,47.9,89.1,69.1,9.7,0,3,1,52.7
5.1,93.4,77.4,100.0,7.1,1,2,1,78.5
4.6,71.3,81.4,70.1,6.6,1,3,1,54.1
9.4,65.9,58.1,35.4,7.1,0,1,1,51.3
2.6,87.7,62.8,39.0,9.8,0,3,1,51.4
2.8,72.5,43.5,75.6,5.2,1,3,0,42.3
2.6,92.8,57.1,86.0,5.0,0,2,1,45.8
2.8,86.6,72.4,81.8,5.5,0,3,1,55.4
2.6,87.6,84.4,78.0,6.5,0,2,1,42.8
6.6,58.9,48.4,95.9,4.3,1,3,1,60.1
7.1,95.0,59.5,65.3,6.5,0,3,1,69.5
2.7,81.7,62.7,91.1,8.7,1,3,1,51.4
2.2,72.8,44.1,45.6,6.7,0,2,0,20.7
5.0,80.0,73.9,58.7,6.1,0,1,1,43.1
2.8,53.1,54.1,42.5,5.7,1,2,0,31.9
5.4,83.7,62.1,70.1,7.7,0,2,1,71.6
4.4,63.6,58.2,74.2,5.4,0,3,1,51.0
0.7,59.1,53.2,77.1,8.9,1,3,1,32.4
7.4,56.7,64.9,76.1,9.0,1,3,1,59.7
8.0,93.6,61.8,58.3,6.8,1,1,1,62.5
2.7,69.2,59.4,71.6,6.5,1,3,1,50.5
3.1,99.5,54.1,48.0,7.8,1,3,1,50.1
4.6,70.5,69.8,99.5,7.9,0,3,1,58.1
4.7,54.1,89.8,69.5,5.5,0,1,1,39.3
5.4,62.4,67.1,66.2,5.8,1,1,0,38.1
8.4,95.3,79.9,100.0,4.8,0,1,1,67.9
3.6,75.8,44.1,52.6,7.0,1,2,1,50.1
2.2,70.3,67.4,54.7,7.4,1,2,1,50.4
1.0,80.2,48.5,55.3,4.7,0,3,1,41.6
2.4,85.0,42.8,73.8,5.9,1,2,1,42.0
3.9,93.6,53.9,82.8,4.7,0,2,0,52.6
7.9,98.3,82.9,88.3,5.3,0,2,1,72.0
2.9,73.0,79.3,100.0,7.2,1,3,1,59.4
4.5,59.4,68.6,34.5,5.5,0,3,1,41.2
4.0,72.2,42.0,86.0,6.1,0,3,1,44.9
6.6,81.6,62.1,65.0,4.4,0,2,1,53.9
9.6,64.5,69.5,64.4,6.7,1,2,1,79.2
2.8,64.6,67.6,63.8,6.4,1,3,1,50.7
2.9,82.8,37.3,58.6,5.6,1,2,0,37.0
6.3,77.3,51.6,100.0,6.3,1,1,0,47.5
5.5,78.5,64.0,90.2,6.7,0,1,1,48.9
8.1,67.4,73.0,75.4,5.4,1,1,1,70.2
5.3,74.8,32.1,99.3,4.6,1,2,1,46.0
3.2,65.1,62.6,47.8,8.8,0,1,1,45.5
5.3,90.5,67.1,51.0,5.7,0,1,1,47.8
6.4,92.5,77.7,35.8,6.4,1,2,0,62.0
5.8,52.2,75.4,62.4,7.8,1,2,1,57.7
5.1,65.0,73.7,77.9,10.0,1,2,0,53.9
6.3,57.0,53.0,76.9,4.9,1,2,0,42.6
6.6,68.9,36.4,77.7,7.1,0,1,1,55.7
7.0,76.8,59.1,49.6,5.6,1,1,1,57.8
5.4,57.7,80.0,89.5,5.8,0,2,1,55.9
3.6,65.1,85.9,79.3,5.6,0,2,0,50.9
4.3,63.9,75.7,88.2,5.0,1,2,0,51.6
6.7,80.9,71.4,40.9,6.4,0,1,1,64.1
2.2,79.0,70.7,80.6,4.6,1,3,1,51.2
4.8,67.9,56.7,53.6,7.7,0,2,0,48.6
3.1,80.5,63.0,67.8,6.6,0,1,0,32.5
4.1,70.3,90.0,84.6,7.0,0,1,1,45.6
6.8,74.2,50.9,76.6,5.9,0,3,1,49.8
4.4,100.0,89.2,59.7,6.0,0,2,1,67.9
4.1,96.8,60.2,75.1,6.9,0,2,1,40.1
1.0,59.8,84.9,47.4,5.0,1,2,1,35.6
5.6,89.6,43.9,95.7,6.0,0,3,1,41.1
5.4,89.4,73.8,71.3,5.4,0,3,1,56.0
8.8,61.9,53.9,95.1,5.3,0,2,1,53.5
3.3,89.5,43.8,65.5,3.8,1,2,0,51.4
4.5,99.5,68.3,65.6,8.2,0,1,1,58.4
4.5,62.3,80.1,61.2,5.6,1,3,0,47.0
7.5,65.2,52.3,90.8,8.0,1,2,1,66.4
3.8,92.2,42.5,62.2,7.9,0,1,0,44.0
4.6,81.8,63.6,86.6,4.8,0,3,0,53.3
5.3,85.7,63.7,68.1,5.1,1,3,1,52.6
4.4,82.8,73.2,39.4,9.8,1,3,1,56.6
3.0,83.5,79.2,64.7,8.8,1,3,0,54.0
4.4,59.4,64.1,53.8,6.5,0,3,1,47.4
6.4,92.7,92.8,75.6,6.8,0,1,1,63.5
1.7,94.4,68.4,53.6,5.7,0,3,1,59.0
4.3,74.8,59.8,91.7,7.1,0,3,1,57.5
2.5,77.4,40.8,73.4,5.6,0,1,1,18.7
6.6,56.6,61.1,71.8,3.9,1,1,1,46.3
0.6,85.2,60.0,86.8,4.8,0,3,1,35.5
2.8,86.0,79.4,92.4,6.5,1,2,1,50.7
4.8,77.1,71.9,74.6,5.0,1,3,1,53.2
7.4,93.7,47.3,61.1,6.4,0,1,1,51.2
3.9,73.3,67.6,43.1,5.1,1,1,1,34.0
2.8,85.9,75.1,62.7,5.5,0,2,1,49.3
8.1,63.7,87.9,63.9,7.6,1,1,1,52.8
0.8,77.7,78.3,76.9,6.8,0,2,0,44.3
0.0,75.6,76.4,68.8,6.5,0,2,1,53.0
5.0,81.2,65.9,87.4,7.6,1,1,1,47.7
2.9,72.8,70.8,64.0,7.1,0,1,1,40.5
1.8,76.2,83.7,74.0,8.4,1,2,1,37.3
5.6,89.6,45.0,96.3,5.9,0,1,1,49.1
4.5,71.9,59.8,81.2,5.9,0,3,1,56.1
2.8,55.5,53.4,73.9,4.8,0,2,1,39.0
1.2,100.0,70.7,64.2,5.9,0,1,1,44.2
5.9,97.3,83.5,63.6,7.8,0,2,1,70.8
5.4,59.9,56.0,59.7,8.2,1,1,1,61.9
3.8,87.7,29.1,65.3,7.7,1,1,1,55.1
8.1,71.0,58.8,88.6,4.2,1,1,1,51.6
1.6,81.7,78.7,71.0,7.9,1,3,1,47.1
0.6,82.1,73.1,50.7,4.1,0,3,1,38.8
2.5,74.7,71.4,100.0,7.7,1,3,1,51.5
3.9,67.0,60.8,80.8,6.0,0,2,1,48.0
4.5,68.3,45.8,49.7,7.4,1,2,1,39.4
3.5,65.2,72.7,67.0,4.8,0,2,1,42.2
4.8,66.4,52.5,77.0,8.0,1,2,0,54.5
1.2,77.1,97.8,100.0,4.6,1,3,1,54.4
7.2,68.0,73.6,55.1,5.6,1,1,1,47.5
3.8,87.5,56.3,92.6,5.2,1,1,1,56.3
6.5,98.8,55.8,100.0,4.2,1,2,0,50.0
4.8,69.9,63.6,63.7,6.6,1,3,1,53.3
5.0,81.4,61.4,70.0,8.8,0,3,1,59.7
5.3,85.0,81.8,56.3,10.0,0,2,0,60.2
5.0,84.6,67.8,71.3,6.6,0,3,0,58.1
5.4,79.1,54.0,74.3,8.0,0,2,1,57.7
6.9,88.4,93.4,86.9,6.8,0,3,1,72.3
4.4,84.8,65.7,94.6,7.1,0,3,1,58.0
5.6,60.7,76.5,61.5,6.1,0,3,0,48.9
3.8,90.2,55.9,39.6,6.8,1,2,1,47.3
7.2,90.4,70.4,74.6,7.2,1,1,1,68.3
2.5,67.3,69.7,80.3,5.7,0,2,1,38.9
8.0,78.5,36.7,79.5,6.4,0,2,1,60.8
3.9,87.6,95.2,69.1,6.4,0,3,1,61.9
0.9,75.1,84.4,77.2,7.6,0,1,1,38.7
4.3,93.0,59.0,100.0,5.1,1,2,1,61.1
2.5,100.0,48.5,81.9,6.4,0,3,1,49.2
5.8,67.0,70.2,68.3,9.0,0,1,0,53.7
2.6,58.7,66.3,66.0,8.0,1,2,1,45.9
3.0,82.3,70.3,71.9,8.3,1,2,1,51.2
0.0,88.1,67.9,100.0,6.5,0,2,1,48.0
3.0,74.8,72.6,71.7,6.9,1,1,1,50.2
0.0,98.3,86.7,74.6,7.8,0,3,0,60.0
0.5,59.3,73.5,66.3,8.5,0,2,0,42.1
5.7,87.7,49.3,94.8,4.0,0,3,1,59.4
5.7,69.5,85.4,100.0,4.8,0,2,1,49.4
4.9,100.0,89.6,83.1,8.2,0,2,1,82.0
1.9,100.0,100.0,76.5,6.1,0,1,1,44.7
3.9,67.3,48.1,75.7,5.6,1,1,0,44.4
4.0,70.3,68.6,32.1,4.9,1,2,1,47.1
1.5,90.0,33.8,88.4,5.8,0,1,0,27.3
7.3,72.6,73.3,77.4,4.7,0,2,1,55.9
5.9,77.4,56.8,82.7,9.2,1,2,1,60.8
3.5,78.4,93.9,62.2,6.5,0,2,1,60.9
4.1,51.1,53.4,68.1,6.4,1,1,1,33.5
4.5,77.8,39.7,67.6,7.3,1,3,1,51.8
0.0,68.3,57.9,93.4,7.8,0,3,1,28.0
3.5,71.1,35.4,68.2,7.7,0,1,1,47.9
2.5,98.2,76.3,100.0,7.9,0,1,0,46.1
1.8,60.4,34.0,82.8,5.7,0,3,1,37.7
3.4,89.4,65.4,52.0,6.1,0,1,1,44.1
8.0,74.1,33.8,72.7,7.5,1,3,1,61.2
5.4,74.1,60.2,63.3,5.8,0,1,1,50.3
2.7,89.1,89.7,35.5,6.5,0,3,1,64.6
5.3,82.8,70.4,100.0,7.0,0,2,0,58.7
7.1,86.0,52.0,87.7,7.5,0,3,1,69.0
6.0,91.6,64.5,84.6,4.2,0,2,1,59.0
4.1,73.4,65.3,78.0,7.4,0,2,1,56.7
2.6,69.4,72.1,50.1,6.2,0,1,1,35.0
5.5,62.8,44.5,66.3,7.4,1,1,0,49.5
4.9,66.4,73.9,90.2,7.5,0,3,0,62.3
6.0,100.0,24.4,56.1,8.6,1,2,0,62.6
5.4,95.4,55.6,29.4,8.3,0,3,1,55.2
6.3,59.1,57.7,70.9,8.3,0,2,1,50.4
2.8,59.5,74.5,72.4,8.4,0,3,1,50.9
6.9,84.7,65.3,77.4,6.9,1,2,1,55.6
4.4,85.7,43.9,88.1,6.5,0,3,1,64.1
8.6,85.7,50.2,86.5,7.6,0,3,1,68.8
2.5,74.4,68.0,79.7,7.5,0,2,1,48.7
7.8,76.2,63.8,96.5,6.1,0,3,1,61.9
4.4,82.6,56.3,47.7,7.0,0,3,1,44.8
2.6,79.2,57.8,84.1,6.5,1,1,0,39.0
2.9,46.9,75.4,86.3,5.4,0,2,1,40.4
3.3,74.8,57.2,52.7,8.2,1,1,1,48.7
4.9,66.1,63.7,47.9,6.6,0,3,1,51.0
5.2,80.5,97.5,61.6,9.2,1,1,1,64.0
2.7,100.0,43.6,63.1,4.4,1,1,1,41.3
3.9,83.1,37.2,88.6,5.8,0,2,1,48.9
8.7,73.6,76.8,63.9,6.5,1,2,1,74.9
7.8,90.9,54.8,59.6,8.0,1,3,0,72.2
5.0,84.8,60.2,64.0,7.0,0,3,1,62.1
4.1,83.9,53.3,95.1,6.9,0,2,1,53.9
4.3,86.5,61.1,75.2,5.0,1,1,1,40.2
5.3,100.0,89.0,71.8,5.0,0,2,1,56.2
1.7,62.2,77.0,73.0,6.9,0,2,1,44.4
3.4,84.6,77.9,98.3,4.7,1,2,1,55.4
0.3,65.0,43.8,61.5,5.8,0,2,0,29.7
4.9,85.8,47.7,98.7,7.2,1,2,1,67.6
5.4,65.1,22.4,78.8,5.2,1,2,1,47.3
2.9,72.2,52.9,72.1,8.6,1,3,1,60.1
7.5,73.9,79.4,100.0,8.1,0,2,1,66.6
1.3,91.7,72.8,56.0,4.5,0,3,1,42.1
0.8,90.9,61.7,68.6,5.3,0,2,1,41.2
4.5,60.6,64.7,52.8,3.5,0,1,1,30.4
6.3,78.8,54.7,92.1,5.5,0,3,1,68.0
7.7,68.1,68.1,100.0,7.5,0,2,1,66.6
3.0,60.4,76.5,100.0,6.0,0,1,1,44.9
6.4,75.0,40.8,97.0,7.1,0,2,1,61.3
3.9,73.7,69.5,71.4,4.5,1,2,1,36.8
3.6,100.0,79.0,68.4,7.5,1,3,0,67.6
5.9,84.1,58.8,44.9,5.8,1,2,1,46.9
5.4,58.7,75.5,100.0,6.5,1,2,1,55.7
0.5,70.1,100.0,83.4,6.4,0,1,1,39.6
7.2,92.3,63.4,66.1,4.8,1,2,1,66.5
7.0,100.0,70.9,98.9,5.0,1,3,1,74.6
2.6,55.8,53.9,57.5,7.8,0,3,1,49.3
4.9,51.7,67.7,82.3,7.0,0,1,0,36.8
5.1,100.0,71.9,71.9,7.9,0,2,1,66.9
4.6,83.5,67.9,86.5,6.9,0,2,1,56.4
2.8,65.8,49.7,73.9,6.7,0,2,1,30.1
2.5,85.5,68.1,48.9,4.3,0,3,1,41.1
3.9,41.1,86.9,76.4,6.1,1,2,1,44.7
6.6,78.0,71.7,93.9,6.5,0,2,1,66.9
5.2,82.6,79.4,74.5,9.0,0,3,0,66.0
3.2,90.9,61.4,89.0,7.4,1,2,1,49.5
5.7,63.8,76.2,56.2,8.5,0,1,0,46.9
0.0,79.2,69.2,74.5,7.3,1,2,1,56.1
6.5,65.0,50.7,63.8,5.6,0,3,0,50.3
0.2,81.6,69.8,88.4,6.7,1,3,1,47.8
3.2,65.5,50.1,75.6,6.8,0,2,1,44.3
1.5,72.3,55.5,87.4,5.3,0,2,1,43.3
1.2,64.1,67.8,94.6,6.0,0,3,1,40.7
6.6,87.1,69.5,87.4,6.2,1,2,1,67.5
3.0,90.0,47.2,79.9,8.6,1,2,1,51.7
4.8,74.7,80.8,57.0,3.8,0,3,1,56.6
3.9,78.5,73.6,74.9,8.1,1,3,1,61.8
5.0,57.7,54.4,65.4,5.3,0,2,1,44.7
4.2,73.8,41.9,68.8,4.7,1,2,0,37.6
1.2,77.3,62.8,68.3,8.0,1,2,0,39.0
6.2,100.0,58.3,57.4,7.5,0,1,1,62.6
2.9,62.4,66.7,39.8,8.1,0,3,1,44.9
0.6,98.5,59.6,63.0,7.5,1,2,1,50.4
3.1,92.0,34.9,78.5,9.2,1,3,1,54.9
7.3,81.9,59.2,50.7,7.2,1,1,1,62.2
5.9,100.0,60.4,75.3,6.3,1,2,1,59.8
3.2,83.2,74.5,100.0,6.9,0,1,1,49.5
3.2,83.4,54.5,93.4,8.1,1,3,1,63.2
3.3,77.3,90.2,100.0,5.5,0,2,0,58.7
8.6,95.1,36.3,82.0,5.7,1,2,0,59.3
4.8,93.4,84.7,96.0,6.1,0,1,1,70.0
4.9,69.2,61.6,62.0,3.8,0,1,1,41.7
6.3,59.5,77.9,63.4,6.7,0,1,1,42.1
4.5,75.2,66.2,25.7,4.0,0,2,0,42.3
3.4,66.8,82.1,96.4,6.6,0,2,1,48.3
3.6,77.1,59.2,100.0,7.6,1,2,0,55.0
3.8,95.3,48.5,65.0,5.9,1,2,0,50.1
3.9,71.6,86.3,70.4,8.7,0,2,1,55.2
5.6,77.4,63.3,61.4,4.6,1,2,1,47.1
4.1,78.8,68.3,81.9,8.0,1,1,1,59.0
5.6,89.9,83.5,95.2,7.4,0,1,1,54.0
3.8,46.5,49.5,43.6,4.3,0,3,1,27.7
4.2,69.5,73.9,82.4,10.0,1,2,1,60.8
0.0,81.0,56.2,70.0,6.4,1,1,1,45.8
6.0,94.8,63.0,77.0,5.4,0,1,1,52.5
4.8,71.1,66.1,83.3,4.7,1,3,1,59.4
6.2,51.7,42.5,71.6,6.2,0,2,0,47.3
0.0,86.7,53.3,73.1,6.3,0,2,1,43.4
8.6,69.1,85.3,71.2,6.6,0,2,0,60.0
3.7,61.3,78.3,92.5,6.1,0,2,0,39.3
6.4,69.3,64.1,82.5,7.3,1,3,1,49.6
1.7,75.4,68.6,79.0,6.0,1,3,1,48.5
5.3,69.5,60.6,52.1,4.0,0,2,0,49.2
1.7,47.1,85.3,68.2,6.3,0,3,0,32.4
2.6,90.6,62.0,91.2,3.4,1,3,1,57.4
8.2,95.8,68.5,75.7,7.0,1,2,1,65.7
3.6,87.1,82.2,86.9,5.2,1,2,1,57.8
4.5,62.1,53.3,100.0,6.7,1,1,1,50.1
5.9,75.2,88.4,93.7,8.2,0,1,1,55.5
5.1,77.9,42.0,76.7,5.3,1,2,1,50.6
4.3,86.4,89.4,65.8,7.9,0,2,1,56.8
4.8,87.4,59.4,29.0,5.9,0,3,0,54.6
9.3,67.7,61.4,72.0,8.8,0,3,1,69.4
3.9,79.1,36.6,69.1,6.0,0,1,1,39.2
4.4,84.4,58.2,82.0,5.4,1,2,0,61.1
6.3,98.4,49.4,72.2,7.4,1,3,1,71.4
6.4,87.9,55.9,69.2,5.9,0,3,0,54.2
6.6,89.0,62.9,43.0,5.4,0,3,0,56.7
5.4,79.2,79.4,58.1,5.9,0,2,1,53.9
1.5,97.7,68.1,83.6,6.4,0,2,1,50.6
7.6,83.7,69.6,100.0,8.2,1,2,1,85.8
1.5,65.9,48.6,73.2,4.0,1,3,1,41.2
4.7,97.6,51.8,80.9,6.5,1,2,1,46.4
2.3,87.8,92.0,92.1,7.3,1,3,1,60.2
3.9,71.8,54.0,60.4,6.8,1,2,1,35.7
4.7,71.3,89.8,81.6,8.2,0,3,0,58.1
4.7,82.2,61.4,61.7,6.4,0,2,1,38.9
4.9,84.5,65.0,90.6,6.3,0,2,1,50.4
7.6,80.8,81.1,77.7,7.3,0,2,0,54.1
5.0,82.4,84.1,80.4,6.6,1,2,0,61.8
3.5,100.0,63.3,60.9,6.0,0,2,0,50.4
6.1,93.0,59.2,87.7,7.2,0,1,1,59.2
6.6,80.7,64.2,100.0,5.7,0,1,1,54.4
1.3,91.2,70.1,56.9,5.7,1,2,1,38.9
5.3,63.5,78.4,68.9,5.8,0,3,1,57.3
5.5,83.6,65.1,79.2,8.3,1,2,1,73.4
3.3,100.0,74.3,89.2,3.0,1,1,1,54.1
7.0,74.9,89.6,64.9,7.0,0,3,1,63.5
3.7,66.1,70.7,24.0,6.5,0,2,1,32.9
4.3,68.9,69.7,99.5,4.3,1,3,1,49.5
3.6,62.7,42.2,88.7,6.9,0,2,1,44.3
4.0,67.0,25.5,43.6,7.1,1,1,1,42.0
1.6,72.8,70.8,64.1,7.3,0,2,1,44.3
0.8,58.3,63.6,100.0,3.1,0,2,1,36.9
7.5,78.2,57.3,100.0,8.3,1,1,1,66.6
2.1,90.6,68.7,91.9,5.5,1,1,1,51.4
1.8,65.3,64.1,71.8,7.4,1,1,1,35.8
0.0,99.3,81.9,76.5,7.5,1,2,1,54.1
2.6,85.2,66.3,72.6,5.4,1,2,1,44.3
1.1,92.4,53.8,95.3,7.4,1,2,1,50.2
7.6,68.8,79.9,59.2,6.0,1,1,0,56.8
6.2,90.0,61.7,60.5,3.8,0,2,1,63.6
2.5,62.7,72.9,93.2,8.0,0,2,1,38.8
9.0,90.5,57.8,74.2,5.5,1,2,1,70.3
6.2,80.4,55.3,99.8,5.4,0,1,1,60.4
3.3,85.7,66.3,62.9,6.0,0,1,1,49.0
0.0,61.5,65.2,74.0,6.9,0,2,1,39.2
9.0,65.5,72.2,58.4,6.4,0,1,0,57.4
0.9,86.4,61.0,75.1,7.2,0,2,1,51.9
0.4,64.7,37.5,48.4,4.8,0,2,1,18.4
6.2,84.5,58.5,66.2,5.5,1,2,1,49.2
9.4,58.9,76.9,49.1,6.3,0,1,1,54.7
7.0,89.9,60.5,87.5,9.0,0,2,1,53.0
5.2,60.7,61.3,87.9,6.4,0,2,1,55.9
5.3,85.7,79.8,43.9,7.9,0,3,1,69.1
5.9,86.8,54.3,99.0,6.6,0,3,1,59.5
5.7,68.2,41.9,100.0,5.9,1,2,1,49.3
4.6,86.1,62.6,75.8,6.2,0,2,1,52.7
4.2,81.6,57.7,63.5,6.3,1,2,0,50.0
3.9,70.5,50.5,100.0,7.3,0,3,0,50.7
2.3,63.9,62.4,51.3,8.3,0,1,0,38.1
3.4,50.5,72.4,75.4,7.0,0,3,1,45.1
0.3,82.9,64.9,78.2,8.0,0,2,1,49.2
3.8,56.1,69.6,99.2,5.2,1,2,1,49.8
1.8,79.3,92.2,81.5,6.0,1,1,1,44.8
1.6,74.3,59.9,66.0,5.6,1,2,1,49.6
4.4,87.5,69.2,57.9,6.9,0,2,1,45.4
7.1,73.8,57.4,68.8,6.0,0,1,1,49.8
6.0,73.4,52.3,56.9,7.4,0,2,1,57.0
0.5,88.2,56.2,75.9,5.3,1,3,1,42.4
1.8,82.7,57.8,64.8,6.6,0,2,1,44.7
6.1,82.4,70.4,48.1,7.4,1,2,1,63.0
1.8,84.6,100.0,97.6,3.8,0,1,1,41.8
3.5,56.5,54.3,66.0,9.3,0,2,0,40.7
5.2,88.6,58.8,52.2,6.1,0,2,1,51.4
1.9,86.6,64.1,72.0,3.9,0,2,1,38.7
4.2,63.8,70.9,76.2,6.7,1,2,1,64.7
1.1,74.6,69.0,43.6,6.5,0,2,1,33.7
2.7,77.4,84.3,81.0,6.4,1,2,1,59.3
4.7,76.1,28.6,56.2,7.8,0,1,0,35.7
0.5,82.7,29.2,100.0,7.5,1,3,1,38.7
5.0,98.0,57.6,84.4,6.9,0,2,0,57.2
4.0,93.1,81.5,67.8,7.1,1,2,1,64.6
5.2,59.6,41.5,61.6,6.4,1,2,0,48.0
4.5,86.7,20.0,73.1,8.8,1,3,1,64.5
7.0,96.6,73.6,86.0,4.6,0,1,1,77.4
4.3,83.4,68.7,74.5,6.7,1,2,1,57.7
3.1,93.3,48.6,71.1,6.6,0,2,0,42.3
4.3,100.0,50.2,76.1,7.6,0,2,1,58.7
5.2,92.3,50.5,64.1,5.4,0,3,1,54.3
4.1,81.5,66.7,68.8,4.2,0,1,1,49.1
4.1,92.6,55.6,37.5,6.7,1,3,1,48.4
2.5,80.0,72.4,92.5,6.9,0,1,1,60.1
2.5,78.3,22.2,80.4,8.4,0,1,0,39.9
0.9,73.1,52.1,61.1,4.8,1,3,1,30.2
7.8,99.9,48.1,100.0,8.0,0,2,1,64.3
1.3,66.5,61.2,76.6,9.6,1,2,1,50.7
2.5,99.5,56.9,56.3,6.0,0,1,1,50.9
2.4,85.0,77.0,90.4,4.8,0,2,1,41.3
6.0,58.4,37.1,82.2,6.0,0,2,0,46.1
3.4,83.1,65.7,82.1,6.5,1,3,1,45.8
6.7,48.6,73.4,67.3,7.2,1,3,0,55.2
2.5,86.8,92.8,83.1,5.7,1,2,0,61.2
4.6,90.4,57.8,70.3,8.5,0,2,1,53.1
2.2,69.7,69.9,85.0,5.1,0,2,1,33.0
8.7,79.7,37.9,40.7,4.2,0,2,1,52.2
1.4,100.0,29.1,67.2,7.9,0,1,1,35.7
4.7,70.9,77.7,100.0,3.5,0,2,0,52.0
5.4,63.2,64.9,61.2,6.2,1,1,1,41.2
4.9,98.7,82.7,64.1,10.0,0,1,1,57.7
3.6,100.0,44.4,66.9,6.5,0,1,1,34.2
3.7,78.1,72.8,53.1,5.0,1,2,1,50.3
4.1,92.2,93.0,35.3,6.4,1,3,1,61.9
3.7,96.8,71.3,70.8,6.4,0,2,1,48.2
6.1,67.6,69.1,77.4,6.7,0,2,1,55.2
8.9,71.2,65.1,74.1,7.4,0,1,1,64.8
2.8,95.2,41.4,72.4,5.1,0,2,0,41.3
1.0,100.0,85.3,75.8,8.7,1,2,1,60.1
3.8,85.9,55.8,93.4,6.8,0,2,1,53.8
9.7,65.7,72.6,71.6,7.4,1,3,1,64.4
2.2,100.0,41.6,64.7,5.7,1,1,1,55.9
7.6,70.6,47.3,69.9,8.2,1,1,1,52.4
7.7,73.3,86.5,85.4,6.2,0,2,1,67.6
2.8,82.8,59.8,100.0,6.9,0,3,0,56.5
5.3,99.8,86.8,63.7,5.3,1,3,1,67.5
7.6,90.0,63.8,76.8,5.2,0,3,1,69.1
3.2,83.8,37.4,81.1,7.4,0,2,0,45.2
3.6,84.5,78.4,57.1,5.9,0,3,1,46.1
2.7,78.6,56.2,75.4,5.4,0,1,1,37.1
1.8,85.8,75.5,48.6,5.7,1,1,0,37.5
2.6,42.6,65.4,43.2,7.4,0,3,1,34.7
1.3,73.8,41.9,81.6,5.7,0,3,1,32.0
4.1,81.4,67.5,68.1,6.3,0,1,0,51.4
2.3,61.9,97.9,78.6,6.5,0,1,1,52.9
4.5,83.4,72.4,74.7,4.0,1,1,1,55.5
0.6,75.1,64.1,57.4,4.6,1,1,1,41.2
4.7,100.0,81.1,74.2,6.9,0,1,1,56.2
5.8,100.0,68.2,52.8,5.5,0,3,1,58.7
0.0,71.5,68.1,100.0,7.9,0,2,0,35.2
4.8,75.9,48.6,50.6,7.8,1,3,1,58.6
6.7,77.0,68.5,71.5,7.4,0,3,1,64.2
1.3,71.7,80.5,56.2,8.9,1,2,1,47.8
7.7,80.7,52.5,85.3,6.4,0,3,0,69.1
4.9,67.4,86.4,69.0,7.3,1,2,1,59.6
2.4,62.2,63.6,65.7,5.7,0,2,1,33.4
3.9,86.7,51.7,90.4,9.7,1,2,1,54.7
5.2,86.8,80.0,75.5,9.1,0,2,0,64.9
4.2,66.7,60.7,84.3,6.5,1,3,1,60.3
5.2,90.5,76.4,57.3,7.0,0,3,0,63.5
2.0,69.2,60.6,49.7,8.3,0,2,1,52.2
4.4,81.5,64.1,76.9,6.3,1,3,0,66.5
0.9,89.5,72.4,69.3,5.6,0,1,1,42.9
3.8,77.5,69.4,86.3,7.6,1,3,1,54.7
2.0,84.4,35.1,73.6,6.6,1,2,1,35.4
2.4,70.8,48.2,78.7,6.7,0,1,0,32.2
6.7,75.2,78.9,45.8,5.4,0,2,1,59.4
6.4,75.1,63.0,100.0,4.3,0,2,1,65.4
5.3,67.5,57.1,72.0,6.8,0,1,0,45.6
1.6,75.5,44.6,87.6,7.7,0,3,1,52.3
3.3,56.3,48.8,60.0,6.2,1,1,1,33.7
6.7,71.1,34.7,80.5,8.4,0,3,1,60.3
4.3,74.0,63.5,51.5,5.6,0,2,1,50.4
9.1,74.4,56.0,83.1,5.1,0,2,1,48.1
4.9,74.6,50.5,68.6,6.4,0,2,1,45.1
4.4,77.1,64.0,75.5,6.4,0,2,1,56.2
3.3,84.7,70.5,87.6,7.5,1,2,1,58.5
4.3,90.2,96.4,52.8,5.5,1,2,1,52.7
3.7,68.9,42.3,62.7,8.3,0,2,1,28.5
5.6,61.2,82.4,83.2,9.1,1,2,1,58.1
6.1,63.4,79.6,100.0,6.4,0,3,0,58.3
2.3,71.2,53.3,72.5,8.1,1,1,1,36.5
1.1,73.1,68.0,85.6,5.1,1,2,1,43.6
0.0,67.2,58.1,73.1,7.9,1,2,1,42.0
5.1,59.9,67.8,100.0,7.9,0,3,1,60.7
1.6,71.6,87.6,43.6,7.6,0,3,1,34.1
0.0,80.5,74.1,76.7,6.5,0,2,0,31.5
4.9,86.3,72.6,45.7,3.0,1,1,1,45.3
9.5,70.2,58.5,29.9,5.7,0,1,1,55.2
4.0,72.2,42.7,80.4,5.7,1,2,1,48.9
5.8,65.0,61.9,77.5,5.2,0,2,1,51.7
4.2,77.6,83.1,69.9,6.7,1,3,1,58.3
3.8,66.1,42.1,73.1,6.0,0,2,1,38.1
6.0,86.0,49.2,100.0,5.4,0,2,1,51.3
3.4,53.0,66.9,70.4,5.1,0,3,1,47.0
4.6,73.0,50.2,84.2,5.6,0,2,1,41.0
4.7,82.2,53.1,63.3,8.0,0,2,1,56.8
2.5,80.6,58.6,80.3,5.6,1,1,1,44.7
6.2,100.0,44.5,70.7,5.8,0,2,1,56.8
3.6,82.9,50.4,67.6,5.9,0,3,1,45.7
2.3,63.9,75.6,100.0,6.9,1,2,0,39.1
5.2,76.7,45.4,96.2,7.1,0,2,1,48.0
2.0,53.1,41.0,77.5,3.0,1,2,1,28.1
4.1,76.9,55.5,33.5,7.8,1,3,1,38.4
4.0,66.3,76.0,68.5,8.4,0,2,0,47.5
6.4,90.8,62.0,100.0,5.1,0,2,1,65.8
5.0,70.3,58.0,70.8,5.2,0,3,1,54.2
3.9,76.4,65.7,94.9,5.9,1,1,1,46.5
5.8,69.1,38.8,100.0,5.5,0,2,0,46.3
7.1,100.0,72.4,78.9,6.8,1,2,1,67.0
5.2,73.5,70.8,59.8,4.0,1,2,0,49.7
4.0,100.0,58.9,31.2,5.0,0,2,1,58.0
1.1,89.4,80.1,87.3,8.5,1,2,0,59.3
1.7,84.7,48.1,60.3,5.3,1,2,1,44.8
3.3,83.2,81.9,78.2,8.1,0,1,1,48.7
2.7,83.5,67.3,52.5,7.0,1,2,1,54.2
3.6,51.0,60.0,70.2,4.1,1,1,1,24.5
4.1,74.1,64.7,75.6,7.3,0,1,1,44.8
5.2,89.8,63.4,79.8,6.3,0,3,0,62.1
3.8,77.3,83.3,54.9,5.9,0,2,0,52.4
5.1,58.3,48.8,96.5,6.8,0,3,1,54.4
4.1,77.3,53.6,64.3,7.1,1,1,1,48.4
0.0,100.0,80.5,44.9,7.4,0,2,1,45.6
1.9,95.5,56.1,73.0,8.0,1,1,1,51.8
3.7,77.1,78.5,75.6,7.0,0,3,1,50.5
1.3,91.3,90.5,77.9,4.7,0,3,1,48.0
5.3,72.9,59.0,99.5,5.9,1,1,0,49.7
7.4,54.1,75.2,70.7,10.0,1,3,0,65.0
6.7,65.1,47.7,72.8,7.4,0,1,1,36.3
3.5,99.9,76.3,55.1,9.6,0,2,1,62.7
7.3,74.2,68.0,89.8,8.3,0,3,0,69.3
4.3,74.6,72.1,78.3,6.8,0,3,1,55.5
3.3,73.8,55.3,67.4,6.9,0,3,1,62.7
2.7,100.0,40.1,40.7,6.5,0,2,1,40.1
3.3,100.0,72.5,100.0,4.2,1,1,1,52.0
3.1,100.0,34.0,52.9,6.5,0,1,1,39.3
4.4,75.8,60.2,64.4,8.1,1,2,1,53.1
4.4,82.1,79.1,81.5,5.7,1,3,1,59.4
4.0,56.8,67.9,53.5,7.0,0,1,1,30.3
5.0,98.7,94.2,48.1,7.6,1,2,0,61.3
6.6,61.7,80.4,36.8,5.3,0,2,1,49.2
6.1,81.0,55.2,88.0,5.9,1,2,1,65.4
0.7,62.6,65.4,65.2,5.2,0,2,0,44.4
0.0,69.8,64.3,100.0,5.4,0,2,1,44.9
6.1,66.3,41.3,57.1,4.8,1,3,0,43.4
1.0,69.5,50.9,58.4,5.3,0,1,1,24.5
3.5,70.5,56.6,64.8,8.3,1,3,1,52.3
1.4,70.3,34.5,79.4,5.3,1,1,1,42.6
0.0,89.7,65.7,66.5,6.7,0,1,0,34.8
5.2,62.5,61.3,86.0,5.8,0,2,0,38.0
5.7,81.1,39.9,57.4,8.0,0,3,1,52.0
2.7,95.1,71.1,50.1,8.2,1,2,1,60.2
0.0,70.8,75.7,42.6,7.6,1,2,0,42.2
2.8,67.9,68.4,35.0,6.9,0,2,1,39.5
4.9,74.8,60.1,65.7,6.2,0,1,1,49.0
0.7,94.5,73.9,69.6,5.0,1,3,0,36.0
4.4,80.7,75.2,63.6,9.0,0,3,1,61.1
4.0,70.6,69.6,97.4,5.5,1,1,1,53.4
5.3,84.8,52.6,97.1,7.4,1,2,1,54.5
4.3,62.6,69.1,69.0,7.9,1,3,1,50.2
1.9,87.5,82.9,42.7,5.8,0,2,1,34.8
6.6,83.7,56.1,64.8,7.8,0,2,1,67.7
3.7,73.7,96.5,64.2,7.5,0,1,1,46.0
3.9,66.3,57.1,63.2,8.7,0,2,1,48.2
1.9,65.6,65.5,62.4,5.9,1,1,1,40.9
3.0,85.5,54.9,63.2,4.8,0,3,1,56.7
2.1,95.2,68.3,68.0,5.8,1,2,1,50.6
3.6,69.1,38.9,63.6,6.8,0,2,1,36.9
7.8,84.4,56.8,78.7,6.6,0,3,1,66.2
1.0,48.8,48.6,81.5,6.0,0,1,1,32.9
0.5,69.8,67.0,58.6,4.0,1,2,1,34.5
7.2,77.6,79.9,97.9,7.1,0,2,1,59.2
3.5,65.3,74.7,57.4,9.1,0,2,1,39.5
2.5,64.9,29.4,45.9,7.1,1,3,1,32.3
6.3,68.7,95.6,81.9,7.3,0,3,0,68.6
2.7,82.1,69.4,60.3,7.2,0,1,1,42.0
8.0,75.4,53.4,80.8,7.0,0,2,1,55.7
5.5,46.7,67.4,31.7,7.7,0,2,1,38.3
2.9,48.3,67.6,100.0,7.0,1,3,1,49.2
8.7,69.5,55.0,87.1,6.1,0,2,1,57.8
2.7,84.4,68.0,48.0,5.5,0,2,1,42.7
5.6,39.5,55.9,48.4,6.2,0,2,1,46.0
4.7,71.0,58.9,100.0,6.9,1,2,0,61.7
6.9,70.6,54.7,61.7,6.1,0,2,1,42.0
7.4,97.4,43.5,60.0,6.9,1,1,1,61.1
4.1,72.6,67.2,34.2,7.1,0,3,1,45.0
2.3,83.4,73.8,68.7,7.6,0,2,0,46.1
5.0,80.0,72.7,70.9,8.2,1,3,1,65.8
2.5,48.2,77.3,87.9,6.6,0,2,1,39.4
8.4,88.8,69.9,49.8,4.8,1,2,1,65.8
4.3,81.0,57.0,47.6,6.1,0,3,1,54.6
3.2,85.1,77.6,83.1,6.6,1,2,1,57.9
4.4,100.0,44.6,93.1,4.1,0,3,1,51.9
1.0,48.8,51.5,46.7,8.3,1,3,1,33.2
1.9,100.0,50.5,94.5,6.7,0,2,1,41.2
6.6,74.0,81.2,75.7,7.0,0,2,1,55.0
2.6,82.0,79.1,94.7,8.3,0,1,0,60.2
1.7,77.4,72.3,73.7,5.7,0,2,1,38.6
5.2,72.1,81.1,29.6,7.2,0,1,0,38.0
6.6,70.0,51.8,72.3,6.4,0,2,1,53.6
5.6,82.6,70.2,94.1,6.3,0,2,1,57.6
6.2,56.8,63.1,58.9,5.5,1,2,1,47.9
2.3,88.5,77.7,68.0,8.7,1,2,1,64.9
0.9,72.2,63.3,71.8,6.0,1,3,1,48.2
7.3,62.2,59.2,22.8,7.4,0,1,1,42.2
3.3,71.7,73.1,100.0,4.1,0,1,1,39.9
3.4,95.6,78.1,58.8,8.0,0,1,0,47.9
6.9,70.5,55.0,84.1,7.9,1,3,1,69.0
5.2,83.0,64.1,73.4,6.6,0,3,1,56.8
5.0,67.8,49.1,97.6,6.2,0,2,1,37.5
8.8,88.6,27.5,82.3,7.0,1,3,0,65.1
2.6,87.6,68.0,70.8,9.5,0,1,1,40.2
6.0,100.0,74.1,58.9,4.2,1,3,1,79.1
4.1,75.5,68.9,89.4,7.5,1,1,1,46.4
4.6,87.4,35.8,41.3,5.3,0,1,1,38.3
7.4,79.4,59.7,86.6,6.5,0,1,1,57.3
5.1,96.1,31.7,55.2,6.2,0,2,1,47.6
5.2,67.9,85.5,97.5,5.9,1,3,1,60.9
6.4,88.4,48.7,77.9,6.5,0,2,1,59.1
3.2,75.3,83.8,86.6,5.0,1,3,0,63.7
2.2,77.1,79.2,76.5,7.8,0,2,0,52.0
1.7,79.3,51.5,43.5,4.2,0,1,1,39.3
0.0,81.5,48.0,59.5,7.2,0,2,0,27.5
8.5,76.4,70.3,87.1,6.1,1,2,1,68.6
1.6,81.0,52.3,78.0,5.0,0,3,0,42.4
3.5,100.0,66.5,96.3,6.8,1,2,0,61.0
3.4,91.8,57.8,82.3,4.5,0,2,0,54.8
4.7,90.2,38.3,57.6,6.6,0,2,1,47.1
5.8,71.6,31.5,60.7,4.7,1,2,1,42.6
5.9,65.6,68.4,76.9,7.1,1,3,1,63.4
2.7,91.4,56.6,33.3,5.3,0,1,1,27.9
3.6,90.3,56.7,100.0,5.9,0,3,0,53.0
4.6,98.6,75.4,83.0,6.9,1,2,1,63.4
3.5,69.5,82.6,97.1,5.5,0,2,1,44.5
7.5,74.8,60.9,46.5,6.4,0,3,0,63.4
5.1,55.0,59.9,97.4,4.5,1,2,1,40.9
5.6,72.5,72.5,100.0,7.3,0,2,1,57.1
5.5,92.0,44.6,51.2,8.8,0,1,1,52.9
6.6,71.5,68.3,88.9,10.0,0,1,1,66.5
4.4,87.0,73.3,75.0,6.6,1,3,0,60.4
1.1,75.3,75.2,47.2,7.5,1,2,1,50.5
4.9,82.5,35.9,83.9,4.2,0,3,0,51.5
2.6,61.9,53.6,90.0,8.5,0,1,1,39.9
2.8,79.2,51.8,64.2,7.5,0,1,1,34.2
5.3,36.1,66.5,96.0,5.9,1,1,1,32.7
6.7,75.4,72.2,45.0,8.1,0,2,0,56.2
4.0,55.2,87.5,48.1,6.2,1,3,1,48.2
4.7,94.9,57.6,77.5,5.9,0,2,1,60.2
7.7,88.9,57.5,75.5,7.1,1,2,1,70.6
4.5,84.5,82.2,62.1,5.1,0,3,1,56.3
9.7,99.3,69.4,89.6,7.8,1,3,1,76.7
5.2,64.7,84.0,84.6,5.1,0,1,1,51.1
0.1,100.0,69.3,90.4,5.1,0,3,1,43.9
5.7,91.1,47.6,72.8,5.3,1,2,1,51.4
4.8,74.7,45.0,85.8,7.5,1,1,1,42.9
6.8,93.9,41.7,67.0,5.7,0,1,0,49.1
5.5,62.5,74.9,100.0,4.7,1,2,1,61.2
3.7,66.5,82.8,60.4,5.7,0,2,1,46.4
1.3,69.5,92.7,100.0,6.5,1,2,1,48.1
3.5,70.6,77.6,75.6,5.0,0,1,1,33.5
2.1,63.2,82.4,50.2,5.0,0,3,1,46.3
2.7,95.1,56.3,99.6,9.2,0,3,1,55.6
5.3,74.4,47.7,77.3,5.4,0,3,0,50.2
7.7,82.9,77.8,90.3,6.1,1,2,1,65.9
4.9,70.0,71.3,97.0,6.0,0,1,1,53.7
1.4,52.5,66.6,81.1,6.0,0,1,1,30.0
5.0,81.8,70.8,64.3,7.3,0,1,1,50.7
6.6,51.2,69.8,92.6,7.7,1,2,1,59.7
2.7,77.0,84.3,75.0,6.1,0,2,1,61.7
3.7,58.8,84.4,87.3,4.9,0,2,1,51.3
4.0,100.0,73.2,36.2,8.2,1,2,1,59.2
2.3,90.8,77.7,83.0,6.4,0,2,1,52.0
5.4,79.5,72.7,63.5,8.7,1,2,1,57.9
3.7,95.7,58.1,100.0,3.6,1,2,1,48.5
4.9,66.2,76.3,86.2,6.8,0,2,0,47.3
2.0,85.6,44.1,79.3,9.0,1,1,1,41.0
3.0,80.8,80.8,83.8,6.0,1,2,1,58.3
5.6,81.7,47.1,57.0,6.2,0,2,0,41.2
3.2,95.8,69.3,100.0,6.9,0,1,1,60.8
7.8,88.3,52.3,100.0,5.8,1,3,0,72.0
3.1,82.0,73.3,82.1,6.1,0,3,1,54.5
4.5,54.8,64.5,100.0,6.1,1,1,1,45.0
6.1,64.6,41.1,64.8,5.7,0,1,1,37.2
0.9,76.3,71.3,60.7,8.1,0,2,1,44.4
0.1,79.3,56.3,75.7,7.1,0,1,1,41.2
0.6,62.2,78.2,82.8,6.8,0,2,0,33.4
6.8,100.0,65.0,67.9,7.6,0,1,1,51.9
2.8,99.2,70.9,84.7,6.2,1,1,0,55.7
9.6,86.4,50.6,80.5,5.5,1,3,0,71.3
2.8,79.0,56.2,57.0,5.7,1,3,0,40.2
4.4,75.0,58.1,84.3,6.5,1,1,1,44.3
7.4,64.7,77.9,90.5,5.1,1,2,0,53.3
8.4,79.1,90.2,78.1,5.8,0,1,1,58.6
8.5,81.6,52.9,95.7,5.8,1,1,1,59.3
6.7,60.6,81.2,53.1,9.3,0,3,1,59.7
6.3,82.7,32.5,83.4,3.0,1,2,1,45.7
5.3,75.8,47.1,53.9,6.3,1,2,1,45.3
