order_id,customer_id,order_date,status
1,23,2025-07-01,Delivered
2,72,2025-07-01,Delivered
3,29,2025-07-01,Delivered
4,45,2025-07-01,Delivered
5,71,2025-07-01,Delivered
6,68,2025-07-01,Delivered
7,35,2025-07-01,Delivered
8,50,2025-07-01,Delivered
9,4,2025-07-02,Delivered
10,42,2025-07-02,Delivered
11,81,2025-07-02,Delivered
12,18,2025-07-03,Delivered
13,73,2025-07-03,Delivered
14,26,2025-07-03,Delivered
15,74,2025-07-03,Delivered
16,42,2025-07-03,Delivered
17,31,2025-07-03,Delivered
18,10,2025-07-03,Delivered
19,22,2025-07-03,Delivered
20,88,2025-07-03,Delivered
21,82,2025-07-03,Delivered
22,1,2025-07-03,Cancelled
23,43,2025-07-04,Delivered
24,77,2025-07-04,Delivered
25,17,2025-07-04,Delivered
26,77,2025-07-04,Delivered
27,5,2025-07-04,Delivered
28,79,2025-07-04,Delivered
29,74,2025-07-04,Delivered
30,24,2025-07-04,Delivered
31,87,2025-07-05,Delivered
32,51,2025-07-05,Delivered
33,51,2025-07-05,Delivered
34,44,2025-07-05,Delivered
35,65,2025-07-05,Delivered
36,72,2025-07-05,Delivered
37,74,2025-07-06,Delivered
38,12,2025-07-06,Delivered
39,41,2025-07-06,Delivered
40,72,2025-07-06,Delivered
41,68,2025-07-06,Delivered
42,36,2025-07-06,Delivered
43,55,2025-07-06,Delivered
44,1,2025-07-07,Delivered
45,15,2025-07-07,Delivered
46,37,2025-07-07,Delivered
47,38,2025-07-07,Delivered
48,23,2025-07-07,Delivered
49,80,2025-07-07,Delivered
50,71,2025-07-07,Delivered
51,34,2025-07-07,Delivered
52,59,2025-07-07,Delivered
53,26,2025-07-07,Delivered
54,55,2025-07-07,Delivered
55,70,2025-07-08,Delivered
56,51,2025-07-08,Delivered
57,75,2025-07-08,Delivered
58,28,2025-07-08,Delivered
59,7,2025-07-08,Delivered
60,57,2025-07-08,Delivered
61,36,2025-07-08,Delivered
62,12,2025-07-09,Delivered
63,62,2025-07-09,Delivered
64,76,2025-07-09,Delivered
65,85,2025-07-09,Delivered
66,58,2025-07-09,Delivered
67,39,2025-07-09,Delivered
68,37,2025-07-09,Delivered
69,73,2025-07-09,Delivered
70,70,2025-07-10,Delivered
71,80,2025-07-10,Delivered
72,37,2025-07-10,Delivered
73,8,2025-07-10,Delivered
74,40,2025-07-10,Delivered
75,33,2025-07-11,Delivered
76,36,2025-07-11,Delivered
77,19,2025-07-11,Delivered
78,14,2025-07-11,Delivered
79,63,2025-07-11,Delivered
80,58,2025-07-11,Delivered
81,57,2025-07-11,Cancelled
82,8,2025-07-11,Delivered
83,71,2025-07-11,Delivered
84,23,2025-07-12,Delivered
85,68,2025-07-12,Delivered
86,7,2025-07-12,Delivered
87,58,2025-07-12,Delivered
88,70,2025-07-12,Delivered
89,70,2025-07-12,Delivered
90,69,2025-07-12,Delivered
91,16,2025-07-12,Delivered
92,41,2025-07-12,Delivered
93,22,2025-07-13,Delivered
94,64,2025-07-13,Delivered
95,86,2025-07-13,Delivered
96,58,2025-07-13,Delivered
97,32,2025-07-13,Delivered
98,34,2025-07-14,Delivered
99,15,2025-07-14,Delivered
100,44,2025-07-14,Delivered
101,36,2025-07-14,Delivered
102,9,2025-07-15,Delivered
103,19,2025-07-15,Delivered
104,51,2025-07-15,Delivered
105,12,2025-07-15,Delivered
106,88,2025-07-15,Delivered
107,51,2025-07-16,Delivered
108,63,2025-07-16,Delivered
109,36,2025-07-16,Delivered
110,57,2025-07-16,Delivered
111,48,2025-07-16,Delivered
112,23,2025-07-16,Delivered
113,14,2025-07-17,Delivered
114,8,2025-07-17,Delivered
115,17,2025-07-17,Delivered
116,22,2025-07-17,Delivered
117,69,2025-07-17,Delivered
118,23,2025-07-18,Delivered
119,10,2025-07-18,Delivered
120,63,2025-07-18,Delivered
121,4,2025-07-18,Delivered
122,9,2025-07-18,Delivered
123,43,2025-07-19,Delivered
124,9,2025-07-19,Delivered
125,61,2025-07-19,Delivered
126,20,2025-07-19,Delivered
127,17,2025-07-19,Delivered
128,15,2025-07-19,Delivered
129,15,2025-07-20,Delivered
130,49,2025-07-20,Delivered
131,50,2025-07-20,Delivered
132,7,2025-07-20,Delivered
133,24,2025-07-20,Delivered
134,89,2025-07-20,Delivered
135,58,2025-07-20,Delivered
136,56,2025-07-20,Delivered
137,56,2025-07-20,Delivered
138,10,2025-07-20,Delivered
139,24,2025-07-20,Delivered
140,59,2025-07-21,Delivered
141,52,2025-07-21,Delivered
142,34,2025-07-21,Delivered
143,74,2025-07-21,Delivered
144,53,2025-07-21,Delivered
145,36,2025-07-21,Delivered
146,45,2025-07-21,Delivered
147,85,2025-07-21,Delivered
148,88,2025-07-21,Delivered
149,72,2025-07-22,Delivered
150,77,2025-07-22,Delivered
151,69,2025-07-22,Delivered
152,9,2025-07-22,Delivered
153,70,2025-07-22,Delivered
154,30,2025-07-22,Delivered
155,47,2025-07-23,Delivered
156,77,2025-07-23,Delivered
157,38,2025-07-23,Delivered
158,1,2025-07-23,Cancelled
159,54,2025-07-23,Delivered
160,84,2025-07-24,Delivered
161,60,2025-07-24,Delivered
162,39,2025-07-24,Delivered
163,65,2025-07-24,Delivered
164,70,2025-07-24,Delivered
165,55,2025-07-25,Delivered
166,17,2025-07-25,Cancelled
167,63,2025-07-25,Delivered
168,24,2025-07-25,Delivered
169,13,2025-07-25,Delivered
170,1,2025-07-26,Delivered
171,73,2025-07-26,Delivered
172,2,2025-07-26,Delivered
173,57,2025-07-26,Delivered
174,85,2025-07-26,Delivered
175,56,2025-07-27,Delivered
176,89,2025-07-27,Delivered
177,9,2025-07-27,Delivered
178,62,2025-07-27,Delivered
179,20,2025-07-27,Delivered
180,9,2025-07-27,Delivered
181,90,2025-07-27,Delivered
182,65,2025-07-28,Delivered
183,57,2025-07-28,Delivered
184,88,2025-07-28,Delivered
185,4,2025-07-28,Delivered
186,54,2025-07-28,Delivered
187,90,2025-07-28,Delivered
188,56,2025-07-28,Delivered
189,16,2025-07-29,Delivered
190,72,2025-07-29,Delivered
191,31,2025-07-29,Delivered
192,37,2025-07-29,Delivered
193,89,2025-07-29,Delivered
194,56,2025-07-29,Delivered
195,80,2025-07-29,Delivered
196,31,2025-07-30,Delivered
197,54,2025-07-30,Delivered
198,59,2025-07-30,Delivered
199,11,2025-07-30,Delivered
200,65,2025-07-30,Delivered
201,19,2025-07-30,Delivered
202,83,2025-07-30,Delivered
203,20,2025-07-31,Delivered
204,16,2025-07-31,Delivered
205,45,2025-07-31,Delivered
206,48,2025-07-31,Delivered
207,78,2025-07-31,Delivered
208,12,2025-07-31,Delivered
209,21,2025-07-31,Delivered
210,72,2025-08-01,Delivered
211,57,2025-08-01,Delivered
212,20,2025-08-01,Delivered
213,62,2025-08-01,Cancelled
214,86,2025-08-01,Delivered
215,85,2025-08-01,Delivered
216,36,2025-08-01,Delivered
217,58,2025-08-02,Delivered
218,84,2025-08-02,Delivered
219,52,2025-08-02,Delivered
220,78,2025-08-02,Delivered
221,82,2025-08-02,Delivered
222,25,2025-08-02,Delivered
223,45,2025-08-02,Delivered
224,56,2025-08-02,Delivered
225,43,2025-08-02,Delivered
226,50,2025-08-03,Delivered
227,21,2025-08-03,Delivered
228,72,2025-08-03,Delivered
229,40,2025-08-03,Delivered
230,74,2025-08-03,Delivered
231,62,2025-08-03,Delivered
232,62,2025-08-04,Delivered
233,17,2025-08-04,Delivered
234,79,2025-08-04,Delivered
235,51,2025-08-04,Delivered
236,11,2025-08-04,Delivered
237,29,2025-08-04,Delivered
238,58,2025-08-04,Delivered
239,20,2025-08-04,Delivered
240,39,2025-08-05,Delivered
241,55,2025-08-05,Cancelled
242,3,2025-08-05,Delivered
243,89,2025-08-05,Delivered
244,79,2025-08-05,Delivered
245,34,2025-08-05,Delivered
246,21,2025-08-05,Delivered
247,14,2025-08-06,Delivered
248,57,2025-08-06,Delivered
249,89,2025-08-06,Delivered
250,10,2025-08-07,Delivered
251,79,2025-08-07,Delivered
252,46,2025-08-07,Delivered
253,23,2025-08-07,Delivered
254,34,2025-08-07,Delivered
255,77,2025-08-07,Delivered
256,88,2025-08-08,Delivered
257,41,2025-08-08,Delivered
258,18,2025-08-08,Delivered
259,41,2025-08-08,Delivered
260,49,2025-08-08,Delivered
261,6,2025-08-08,Delivered
262,20,2025-08-08,Delivered
263,56,2025-08-09,Delivered
264,87,2025-08-09,Delivered
265,52,2025-08-09,Delivered
266,23,2025-08-09,Delivered
267,15,2025-08-09,Delivered
268,74,2025-08-10,Delivered
269,22,2025-08-10,Delivered
270,25,2025-08-10,Delivered
271,79,2025-08-10,Delivered
272,23,2025-08-11,Delivered
273,82,2025-08-11,Delivered
274,78,2025-08-11,Delivered
275,42,2025-08-11,Delivered
276,22,2025-08-11,Delivered
277,15,2025-08-12,Delivered
278,3,2025-08-12,Delivered
279,58,2025-08-12,Delivered
280,39,2025-08-13,Delivered
281,57,2025-08-13,Delivered
282,37,2025-08-13,Delivered
283,75,2025-08-14,Delivered
284,66,2025-08-14,Delivered
285,29,2025-08-14,Delivered
286,80,2025-08-14,Cancelled
287,6,2025-08-14,Delivered
288,73,2025-08-14,Delivered
289,3,2025-08-15,Delivered
290,7,2025-08-15,Delivered
291,72,2025-08-15,Delivered
292,55,2025-08-15,Delivered
293,40,2025-08-15,Delivered
294,14,2025-08-15,Delivered
295,82,2025-08-16,Delivered
296,87,2025-08-16,Delivered
297,15,2025-08-16,Delivered
298,58,2025-08-16,Delivered
299,60,2025-08-16,Delivered
300,28,2025-08-16,Delivered
301,72,2025-08-16,Delivered
302,41,2025-08-17,Delivered
303,66,2025-08-17,Delivered
304,57,2025-08-17,Delivered
305,44,2025-08-17,Delivered
306,30,2025-08-17,Delivered
307,84,2025-08-18,Delivered
308,63,2025-08-18,Delivered
309,85,2025-08-18,Delivered
310,68,2025-08-18,Delivered
311,28,2025-08-18,Delivered
312,63,2025-08-18,Delivered
313,7,2025-08-19,Delivered
314,69,2025-08-19,Delivered
315,69,2025-08-19,Delivered
316,13,2025-08-19,Delivered
317,90,2025-08-19,Delivered
318,80,2025-08-19,Delivered
319,32,2025-08-19,Delivered
320,15,2025-08-19,Delivered
321,4,2025-08-20,Delivered
322,80,2025-08-20,Delivered
323,86,2025-08-20,Delivered
324,66,2025-08-20,Delivered
325,41,2025-08-20,Delivered
326,89,2025-08-21,Delivered
327,45,2025-08-21,Delivered
328,26,2025-08-21,Delivered
329,27,2025-08-21,Delivered
330,28,2025-08-21,Delivered
331,82,2025-08-21,Delivered
332,30,2025-08-21,Delivered
333,89,2025-08-22,Delivered
334,19,2025-08-22,Delivered
335,24,2025-08-22,Delivered
336,13,2025-08-22,Delivered
337,18,2025-08-22,Delivered
338,2,2025-08-22,Delivered
339,73,2025-08-22,Delivered
340,33,2025-08-22,Delivered
341,40,2025-08-22,Delivered
342,86,2025-08-23,Delivered
343,27,2025-08-23,Delivered
344,39,2025-08-23,Delivered
345,5,2025-08-23,Delivered
346,52,2025-08-23,Delivered
347,8,2025-08-23,Delivered
348,85,2025-08-23,Delivered
349,68,2025-08-23,Delivered
350,6,2025-08-24,Delivered
351,43,2025-08-24,Delivered
352,38,2025-08-24,Delivered
353,12,2025-08-24,Delivered
354,2,2025-08-24,Delivered
355,76,2025-08-24,Delivered
356,85,2025-08-25,Delivered
357,27,2025-08-25,Delivered
358,56,2025-08-25,Delivered
359,84,2025-08-25,Delivered
360,9,2025-08-25,Cancelled
361,38,2025-08-25,Delivered
362,15,2025-08-25,Delivered
363,34,2025-08-25,Delivered
364,17,2025-08-25,Delivered
365,34,2025-08-25,Delivered
366,20,2025-08-25,Delivered
367,58,2025-08-26,Delivered
368,17,2025-08-26,Delivered
369,75,2025-08-26,Delivered
370,62,2025-08-26,Delivered
371,15,2025-08-26,Delivered
372,12,2025-08-26,Delivered
373,86,2025-08-27,Delivered
374,52,2025-08-27,Delivered
375,68,2025-08-27,Delivered
376,76,2025-08-27,Delivered
377,64,2025-08-27,Delivered
378,82,2025-08-28,Delivered
379,22,2025-08-28,Delivered
380,71,2025-08-28,Delivered
381,30,2025-08-28,Cancelled
382,71,2025-08-28,Delivered
383,51,2025-08-29,Delivered
384,86,2025-08-29,Delivered
385,19,2025-08-29,Delivered
386,29,2025-08-29,Delivered
387,10,2025-08-29,Delivered
388,47,2025-08-29,Delivered
389,34,2025-08-30,Delivered
390,15,2025-08-30,Delivered
391,13,2025-08-30,Cancelled
392,38,2025-08-30,Delivered
393,8,2025-08-30,Delivered
394,39,2025-08-30,Delivered
395,67,2025-08-31,Delivered
396,46,2025-08-31,Delivered
397,67,2025-08-31,Delivered
398,78,2025-08-31,Delivered
399,42,2025-08-31,Delivered
400,4,2025-08-31,Delivered
401,23,2025-08-31,Delivered
402,16,2025-08-31,Delivered
403,23,2025-08-31,Delivered
404,35,2025-09-01,Delivered
405,3,2025-09-01,Delivered
406,27,2025-09-01,Delivered
407,36,2025-09-01,Delivered
408,71,2025-09-01,Delivered
409,55,2025-09-01,Delivered
410,22,2025-09-01,Delivered
411,1,2025-09-02,Delivered
412,22,2025-09-02,Delivered
413,5,2025-09-02,Delivered
414,48,2025-09-02,Delivered
415,72,2025-09-02,Delivered
416,76,2025-09-02,Delivered
417,26,2025-09-03,Delivered
418,35,2025-09-03,Delivered
419,36,2025-09-03,Delivered
420,74,2025-09-03,Delivered
421,30,2025-09-03,Delivered
422,57,2025-09-03,Delivered
423,33,2025-09-03,Delivered
424,49,2025-09-04,Delivered
425,36,2025-09-04,Delivered
426,42,2025-09-04,Delivered
427,82,2025-09-04,Delivered
428,69,2025-09-04,Delivered
429,21,2025-09-04,Delivered
430,53,2025-09-04,Delivered
431,11,2025-09-04,Delivered
432,63,2025-09-04,Delivered
433,37,2025-09-05,Delivered
434,12,2025-09-05,Delivered
435,12,2025-09-05,Delivered
436,50,2025-09-05,Delivered
437,61,2025-09-05,Delivered
438,64,2025-09-05,Delivered
439,2,2025-09-06,Delivered
440,89,2025-09-06,Delivered
441,41,2025-09-06,Delivered
442,29,2025-09-06,Delivered
443,28,2025-09-06,Delivered
444,50,2025-09-06,Delivered
445,74,2025-09-06,Cancelled
446,90,2025-09-07,Delivered
447,55,2025-09-07,Delivered
448,18,2025-09-07,Cancelled
449,66,2025-09-07,Delivered
450,27,2025-09-07,Delivered
451,86,2025-09-08,Delivered
452,52,2025-09-08,Delivered
453,66,2025-09-08,Delivered
454,40,2025-09-08,Delivered
455,31,2025-09-08,Delivered
456,9,2025-09-08,Delivered
457,7,2025-09-09,Delivered
458,1,2025-09-09,Delivered
459,85,2025-09-09,Delivered
460,39,2025-09-09,Delivered
461,52,2025-09-09,Delivered
462,4,2025-09-09,Delivered
463,70,2025-09-10,Delivered
464,17,2025-09-10,Delivered
465,54,2025-09-10,Delivered
466,43,2025-09-10,Cancelled
467,12,2025-09-10,Delivered
468,49,2025-09-10,Delivered
469,11,2025-09-10,Delivered
470,17,2025-09-10,Delivered
471,33,2025-09-10,Delivered
472,73,2025-09-10,Delivered
473,66,2025-09-11,Delivered
474,20,2025-09-11,Delivered
475,9,2025-09-11,Delivered
476,64,2025-09-11,Delivered
477,30,2025-09-11,Delivered
478,73,2025-09-11,Delivered
479,43,2025-09-11,Delivered
480,52,2025-09-11,Delivered
481,54,2025-09-12,Delivered
482,10,2025-09-12,Delivered
483,58,2025-09-12,Delivered
484,9,2025-09-12,Delivered
485,89,2025-09-12,Delivered
486,42,2025-09-13,Delivered
487,2,2025-09-13,Delivered
488,11,2025-09-13,Delivered
489,70,2025-09-13,Delivered
490,27,2025-09-13,Delivered
491,3,2025-09-13,Delivered
492,6,2025-09-14,Delivered
493,88,2025-09-14,Delivered
494,52,2025-09-14,Delivered
495,61,2025-09-15,Delivered
496,9,2025-09-15,Delivered
497,53,2025-09-15,Delivered
498,10,2025-09-15,Delivered
499,68,2025-09-15,Delivered
500,18,2025-09-15,Delivered
501,77,2025-09-15,Delivered
502,38,2025-09-15,Delivered
503,12,2025-09-15,Delivered
504,37,2025-09-16,Cancelled
505,53,2025-09-16,Delivered
506,82,2025-09-16,Delivered
507,26,2025-09-16,Delivered
508,7,2025-09-16,Delivered
509,49,2025-09-17,Delivered
510,11,2025-09-17,Delivered
511,48,2025-09-17,Delivered
512,21,2025-09-17,Delivered
513,78,2025-09-17,Delivered
514,59,2025-09-17,Delivered
515,88,2025-09-18,Delivered
516,78,2025-09-18,Delivered
517,50,2025-09-18,Delivered
518,51,2025-09-18,Delivered
519,60,2025-09-18,Delivered
520,57,2025-09-18,Delivered
521,81,2025-09-19,Delivered
522,1,2025-09-19,Delivered
523,58,2025-09-19,Delivered
524,77,2025-09-19,Delivered
525,77,2025-09-19,Delivered
526,49,2025-09-20,Delivered
527,37,2025-09-20,Delivered
528,39,2025-09-20,Delivered
529,68,2025-09-20,Delivered
530,48,2025-09-20,Delivered
531,50,2025-09-20,Delivered
532,58,2025-09-21,Delivered
533,56,2025-09-21,Delivered
534,54,2025-09-21,Delivered
535,26,2025-09-21,Delivered
536,58,2025-09-21,Delivered
537,28,2025-09-22,Delivered
538,75,2025-09-22,Delivered
539,18,2025-09-22,Delivered
540,46,2025-09-22,Delivered
541,71,2025-09-22,Delivered
542,12,2025-09-22,Delivered
543,61,2025-09-22,Delivered
544,26,2025-09-22,Delivered
545,29,2025-09-23,Delivered
546,13,2025-09-23,Delivered
547,19,2025-09-23,Delivered
548,30,2025-09-23,Delivered
549,75,2025-09-23,Delivered
550,70,2025-09-24,Delivered
551,8,2025-09-24,Delivered
552,53,2025-09-24,Delivered
553,14,2025-09-24,Delivered
554,73,2025-09-24,Delivered
555,16,2025-09-24,Delivered
556,29,2025-09-24,Delivered
557,29,2025-09-25,Delivered
558,85,2025-09-25,Delivered
559,83,2025-09-25,Delivered
560,66,2025-09-25,Delivered
561,42,2025-09-25,Delivered
562,5,2025-09-25,Delivered
563,53,2025-09-25,Delivered
564,64,2025-09-25,Delivered
565,18,2025-09-25,Delivered
566,39,2025-09-26,Delivered
567,50,2025-09-26,Delivered
568,16,2025-09-26,Delivered
569,9,2025-09-26,Delivered
570,39,2025-09-27,Delivered
571,17,2025-09-27,Delivered
572,4,2025-09-27,Delivered
573,10,2025-09-27,Delivered
574,17,2025-09-27,Delivered
575,54,2025-09-27,Delivered
576,38,2025-09-27,Delivered
577,56,2025-09-27,Delivered
578,82,2025-09-27,Cancelled
579,35,2025-09-28,Delivered
580,31,2025-09-28,Delivered
581,68,2025-09-28,Delivered
582,55,2025-09-28,Delivered
583,30,2025-09-28,Delivered
584,71,2025-09-28,Delivered
585,7,2025-09-28,Delivered
586,13,2025-09-28,Delivered
587,73,2025-09-28,Delivered
588,17,2025-09-29,Delivered
589,10,2025-09-29,Delivered
590,43,2025-09-29,Delivered
591,55,2025-09-29,Delivered
592,74,2025-09-29,Delivered
593,52,2025-09-29,Delivered
594,54,2025-09-29,Delivered
595,90,2025-09-30,Delivered
596,14,2025-09-30,Delivered
597,69,2025-09-30,Delivered
598,87,2025-09-30,Delivered
599,61,2025-09-30,Delivered
600,3,2025-09-30,Delivered
601,39,2025-09-30,Delivered
602,25,2025-09-30,Delivered
603,15,2025-09-30,Delivered
604,71,2025-09-30,Delivered
605,32,2025-09-30,Delivered
606,85,2025-09-30,Delivered
607,33,2025-10-01,Delivered
608,84,2025-10-01,Delivered
609,10,2025-10-01,Delivered
610,34,2025-10-01,Delivered
611,76,2025-10-01,Delivered
612,13,2025-10-01,Delivered
613,69,2025-10-01,Delivered
614,25,2025-10-01,Delivered
615,37,2025-10-02,Delivered
616,28,2025-10-02,Delivered
617,42,2025-10-02,Delivered
618,60,2025-10-02,Delivered
619,76,2025-10-02,Delivered
620,12,2025-10-02,Delivered
621,84,2025-10-02,Delivered
622,14,2025-10-02,Delivered
623,69,2025-10-02,Delivered
624,23,2025-10-03,Delivered
625,39,2025-10-03,Delivered
626,14,2025-10-03,Delivered
627,22,2025-10-03,Delivered
628,4,2025-10-03,Delivered
629,10,2025-10-03,Delivered
630,23,2025-10-03,Delivered
631,4,2025-10-03,Delivered
632,57,2025-10-03,Delivered
633,90,2025-10-04,Delivered
634,73,2025-10-04,Delivered
635,31,2025-10-04,Delivered
636,54,2025-10-04,Delivered
637,52,2025-10-04,Delivered
638,2,2025-10-04,Delivered
639,17,2025-10-04,Delivered
640,50,2025-10-04,Delivered
641,28,2025-10-04,Delivered
642,29,2025-10-05,Delivered
643,57,2025-10-05,Delivered
644,49,2025-10-05,Delivered
645,54,2025-10-05,Delivered
646,78,2025-10-05,Delivered
647,90,2025-10-05,Delivered
648,18,2025-10-05,Delivered
649,46,2025-10-05,Delivered
650,45,2025-10-05,Delivered
651,8,2025-10-06,Delivered
652,20,2025-10-06,Delivered
653,78,2025-10-06,Delivered
654,34,2025-10-06,Delivered
655,44,2025-10-06,Delivered
656,46,2025-10-06,Delivered
657,50,2025-10-07,Delivered
658,53,2025-10-07,Delivered
659,19,2025-10-07,Delivered
660,75,2025-10-07,Delivered
661,24,2025-10-07,Delivered
662,18,2025-10-07,Delivered
663,19,2025-10-07,Delivered
664,57,2025-10-08,Delivered
665,1,2025-10-08,Delivered
666,33,2025-10-08,Delivered
667,89,2025-10-08,Delivered
668,72,2025-10-08,Delivered
669,28,2025-10-08,Delivered
670,70,2025-10-09,Delivered
671,9,2025-10-09,Delivered
672,59,2025-10-09,Delivered
673,58,2025-10-09,Delivered
674,14,2025-10-09,Delivered
675,75,2025-10-09,Delivered
676,69,2025-10-09,Delivered
677,32,2025-10-09,Delivered
678,90,2025-10-09,Cancelled
679,26,2025-10-09,Delivered
680,72,2025-10-10,Delivered
681,25,2025-10-10,Delivered
682,22,2025-10-10,Delivered
683,78,2025-10-10,Delivered
684,38,2025-10-10,Delivered
685,55,2025-10-10,Delivered
686,88,2025-10-11,Delivered
687,47,2025-10-11,Delivered
688,2,2025-10-11,Delivered
689,5,2025-10-11,Delivered
690,27,2025-10-11,Delivered
691,37,2025-10-11,Delivered
692,19,2025-10-11,Delivered
693,89,2025-10-11,Delivered
694,4,2025-10-11,Delivered
695,84,2025-10-11,Delivered
696,76,2025-10-11,Delivered
697,36,2025-10-12,Delivered
698,12,2025-10-12,Delivered
699,45,2025-10-12,Delivered
700,45,2025-10-12,Delivered
701,13,2025-10-12,Delivered
702,46,2025-10-12,Delivered
703,62,2025-10-12,Delivered
704,76,2025-10-12,Delivered
705,51,2025-10-12,Delivered
706,14,2025-10-13,Delivered
707,4,2025-10-13,Delivered
708,43,2025-10-13,Delivered
709,15,2025-10-13,Delivered
710,63,2025-10-13,Delivered
711,3,2025-10-13,Delivered
712,6,2025-10-13,Delivered
713,55,2025-10-13,Delivered
714,89,2025-10-13,Delivered
715,49,2025-10-14,Delivered
716,54,2025-10-14,Delivered
717,54,2025-10-14,Cancelled
718,66,2025-10-14,Delivered
719,5,2025-10-14,Delivered
720,36,2025-10-15,Delivered
721,82,2025-10-15,Delivered
722,89,2025-10-15,Delivered
723,9,2025-10-15,Delivered
724,31,2025-10-15,Delivered
725,45,2025-10-15,Delivered
726,44,2025-10-15,Delivered
727,62,2025-10-15,Delivered
728,54,2025-10-15,Delivered
729,33,2025-10-15,Delivered
730,2,2025-10-16,Delivered
731,56,2025-10-16,Delivered
732,28,2025-10-16,Delivered
733,78,2025-10-16,Delivered
734,57,2025-10-16,Delivered
735,26,2025-10-16,Delivered
736,16,2025-10-16,Delivered
737,50,2025-10-16,Delivered
738,13,2025-10-17,Delivered
739,4,2025-10-17,Delivered
740,11,2025-10-17,Delivered
741,79,2025-10-17,Delivered
742,51,2025-10-17,Delivered
743,13,2025-10-17,Delivered
744,32,2025-10-17,Delivered
745,71,2025-10-17,Delivered
746,88,2025-10-18,Delivered
747,76,2025-10-18,Delivered
748,61,2025-10-18,Delivered
749,86,2025-10-18,Delivered
750,47,2025-10-18,Delivered
751,88,2025-10-18,Delivered
752,52,2025-10-18,Delivered
753,37,2025-10-19,Delivered
754,59,2025-10-19,Delivered
755,27,2025-10-19,Delivered
756,83,2025-10-19,Delivered
757,77,2025-10-19,Delivered
758,6,2025-10-19,Delivered
759,62,2025-10-19,Delivered
760,8,2025-10-19,Delivered
761,13,2025-10-19,Delivered
762,53,2025-10-19,Delivered
763,77,2025-10-20,Delivered
764,15,2025-10-20,Delivered
765,29,2025-10-20,Delivered
766,6,2025-10-20,Delivered
767,44,2025-10-20,Delivered
768,42,2025-10-20,Delivered
769,14,2025-10-20,Delivered
770,34,2025-10-20,Delivered
771,2,2025-10-20,Delivered
772,18,2025-10-20,Delivered
773,54,2025-10-21,Delivered
774,24,2025-10-21,Delivered
775,32,2025-10-21,Delivered
776,22,2025-10-21,Delivered
777,54,2025-10-21,Delivered
778,40,2025-10-21,Delivered
779,26,2025-10-21,Delivered
780,85,2025-10-21,Delivered
781,25,2025-10-21,Cancelled
782,23,2025-10-21,Delivered
783,48,2025-10-21,Delivered
784,47,2025-10-21,Delivered
785,3,2025-10-22,Delivered
786,42,2025-10-22,Delivered
787,1,2025-10-22,Delivered
788,79,2025-10-22,Delivered
789,56,2025-10-22,Delivered
790,58,2025-10-22,Delivered
791,55,2025-10-23,Delivered
792,89,2025-10-23,Delivered
793,53,2025-10-23,Delivered
794,88,2025-10-23,Delivered
795,10,2025-10-23,Cancelled
796,11,2025-10-23,Delivered
797,79,2025-10-23,Delivered
798,61,2025-10-23,Delivered
799,88,2025-10-23,Delivered
800,20,2025-10-23,Delivered
801,18,2025-10-23,Delivered
802,88,2025-10-24,Delivered
803,4,2025-10-24,Delivered
804,61,2025-10-24,Delivered
805,53,2025-10-24,Delivered
806,55,2025-10-24,Delivered
807,5,2025-10-24,Delivered
808,89,2025-10-24,Delivered
809,40,2025-10-24,Delivered
810,84,2025-10-24,Delivered
811,37,2025-10-25,Delivered
812,40,2025-10-25,Cancelled
813,42,2025-10-25,Delivered
814,69,2025-10-25,Delivered
815,68,2025-10-25,Delivered
816,87,2025-10-25,Delivered
817,13,2025-10-25,Delivered
818,9,2025-10-25,Delivered
819,31,2025-10-25,Delivered
820,83,2025-10-26,Delivered
821,7,2025-10-26,Delivered
822,53,2025-10-26,Delivered
823,90,2025-10-26,Delivered
824,11,2025-10-26,Delivered
825,12,2025-10-26,Delivered
826,59,2025-10-26,Delivered
827,79,2025-10-26,Delivered
828,66,2025-10-26,Delivered
829,24,2025-10-26,Delivered
830,50,2025-10-27,Delivered
831,90,2025-10-27,Delivered
832,13,2025-10-27,Delivered
833,79,2025-10-27,Delivered
834,42,2025-10-27,Delivered
835,47,2025-10-27,Delivered
836,43,2025-10-27,Delivered
837,81,2025-10-27,Delivered
838,15,2025-10-28,Delivered
839,55,2025-10-28,Delivered
840,74,2025-10-28,Delivered
841,90,2025-10-28,Delivered
842,84,2025-10-28,Delivered
843,52,2025-10-28,Delivered
844,11,2025-10-28,Delivered
845,7,2025-10-28,Cancelled
846,29,2025-10-29,Delivered
847,75,2025-10-29,Delivered
848,7,2025-10-29,Delivered
849,45,2025-10-29,Delivered
850,3,2025-10-29,Delivered
851,51,2025-10-29,Delivered
852,13,2025-10-29,Delivered
853,22,2025-10-29,Delivered
854,61,2025-10-29,Delivered
855,69,2025-10-30,Delivered
856,7,2025-10-30,Delivered
857,37,2025-10-30,Delivered
858,33,2025-10-30,Delivered
859,84,2025-10-30,Delivered
860,87,2025-10-30,Delivered
861,57,2025-10-31,Delivered
862,64,2025-10-31,Delivered
863,52,2025-10-31,Delivered
864,59,2025-10-31,Delivered
865,20,2025-10-31,Delivered
866,26,2025-10-31,Delivered
867,79,2025-10-31,Delivered
868,87,2025-10-31,Delivered
869,86,2025-10-31,Delivered
870,72,2025-11-01,Delivered
871,9,2025-11-01,Delivered
872,81,2025-11-01,Delivered
873,19,2025-11-01,Delivered
874,24,2025-11-01,Delivered
875,27,2025-11-02,Delivered
876,36,2025-11-02,Delivered
877,57,2025-11-02,Delivered
878,6,2025-11-02,Delivered
879,78,2025-11-02,Delivered
880,68,2025-11-02,Delivered
881,52,2025-11-02,Delivered
882,33,2025-11-03,Delivered
883,51,2025-11-03,Delivered
884,82,2025-11-03,Delivered
885,36,2025-11-03,Delivered
886,80,2025-11-03,Delivered
887,49,2025-11-03,Delivered
888,70,2025-11-03,Delivered
889,78,2025-11-04,Delivered
890,17,2025-11-04,Delivered
891,34,2025-11-04,Delivered
892,29,2025-11-04,Delivered
893,23,2025-11-04,Delivered
894,69,2025-11-04,Delivered
895,44,2025-11-05,Delivered
896,14,2025-11-05,Delivered
897,27,2025-11-05,Delivered
898,45,2025-11-05,Delivered
899,80,2025-11-05,Delivered
900,24,2025-11-05,Delivered
901,84,2025-11-05,Delivered
902,30,2025-11-05,Delivered
903,45,2025-11-05,Delivered
904,7,2025-11-05,Delivered
905,44,2025-11-05,Delivered
906,57,2025-11-06,Delivered
907,6,2025-11-06,Delivered
908,72,2025-11-06,Delivered
909,73,2025-11-06,Delivered
910,61,2025-11-06,Delivered
911,47,2025-11-06,Delivered
912,41,2025-11-06,Delivered
913,30,2025-11-06,Delivered
914,31,2025-11-06,Delivered
915,18,2025-11-07,Delivered
916,78,2025-11-07,Delivered
917,30,2025-11-07,Delivered
918,14,2025-11-07,Delivered
919,3,2025-11-07,Delivered
920,70,2025-11-07,Delivered
921,34,2025-11-07,Delivered
922,87,2025-11-07,Delivered
923,54,2025-11-08,Delivered
924,62,2025-11-08,Delivered
925,77,2025-11-08,Delivered
926,31,2025-11-08,Delivered
927,54,2025-11-08,Delivered
928,35,2025-11-08,Delivered
929,11,2025-11-08,Delivered
930,2,2025-11-08,Delivered
931,59,2025-11-08,Delivered
932,37,2025-11-09,Delivered
933,35,2025-11-09,Delivered
934,89,2025-11-09,Cancelled
935,62,2025-11-09,Delivered
936,61,2025-11-09,Delivered
937,52,2025-11-09,Delivered
938,42,2025-11-09,Delivered
939,12,2025-11-09,Delivered
940,45,2025-11-09,Delivered
941,89,2025-11-10,Delivered
942,56,2025-11-10,Delivered
943,17,2025-11-10,Delivered
944,65,2025-11-10,Delivered
945,65,2025-11-10,Delivered
946,7,2025-11-10,Delivered
947,50,2025-11-10,Delivered
948,72,2025-11-10,Delivered
949,38,2025-11-10,Delivered
950,52,2025-11-11,Delivered
951,62,2025-11-11,Delivered
952,39,2025-11-11,Delivered
953,57,2025-11-11,Delivered
954,61,2025-11-11,Delivered
955,87,2025-11-11,Delivered
956,44,2025-11-11,Delivered
957,13,2025-11-12,Delivered
958,40,2025-11-12,Delivered
959,50,2025-11-12,Delivered
960,29,2025-11-12,Delivered
961,14,2025-11-12,Delivered
962,63,2025-11-12,Delivered
963,37,2025-11-13,Delivered
964,10,2025-11-13,Delivered
965,5,2025-11-13,Cancelled
966,11,2025-11-13,Delivered
967,79,2025-11-13,Delivered
968,28,2025-11-13,Delivered
969,44,2025-11-13,Delivered
970,40,2025-11-13,Delivered
971,20,2025-11-14,Delivered
972,58,2025-11-14,Delivered
973,24,2025-11-14,Delivered
974,11,2025-11-14,Delivered
975,51,2025-11-14,Delivered
976,39,2025-11-14,Delivered
977,7,2025-11-14,Delivered
978,14,2025-11-15,Delivered
979,22,2025-11-15,Delivered
980,30,2025-11-15,Delivered
981,21,2025-11-15,Delivered
982,8,2025-11-15,Delivered
983,59,2025-11-15,Delivered
984,43,2025-11-15,Delivered
985,5,2025-11-15,Delivered
986,34,2025-11-15,Delivered
987,33,2025-11-16,Delivered
988,43,2025-11-16,Delivered
989,8,2025-11-16,Delivered
990,81,2025-11-16,Delivered
991,39,2025-11-16,Delivered
992,60,2025-11-16,Delivered
993,3,2025-11-16,Delivered
994,34,2025-11-16,Delivered
995,56,2025-11-17,Delivered
996,69,2025-11-17,Delivered
997,80,2025-11-17,Delivered
998,81,2025-11-17,Delivered
999,42,2025-11-17,Delivered
1000,79,2025-11-17,Delivered
1001,15,2025-11-17,Delivered
1002,76,2025-11-17,Delivered
1003,28,2025-11-17,Delivered
1004,4,2025-11-17,Delivered
1005,74,2025-11-17,Delivered
1006,26,2025-11-18,Delivered
1007,20,2025-11-18,Delivered
1008,87,2025-11-18,Delivered
1009,42,2025-11-18,Delivered
1010,23,2025-11-18,Delivered
1011,84,2025-11-18,Delivered
1012,56,2025-11-18,Delivered
1013,61,2025-11-19,Delivered
1014,51,2025-11-19,Delivered
1015,84,2025-11-19,Delivered
1016,13,2025-11-19,Delivered
1017,25,2025-11-19,Delivered
1018,71,2025-11-19,Delivered
1019,90,2025-11-20,Delivered
1020,71,2025-11-20,Delivered
1021,46,2025-11-20,Delivered
1022,29,2025-11-20,Delivered
1023,64,2025-11-20,Delivered
1024,57,2025-11-20,Delivered
1025,14,2025-11-20,Delivered
1026,10,2025-11-20,Delivered
1027,74,2025-11-21,Delivered
1028,67,2025-11-21,Delivered
1029,90,2025-11-21,Delivered
1030,84,2025-11-21,Delivered
1031,75,2025-11-21,Delivered
1032,14,2025-11-21,Delivered
1033,74,2025-11-21,Delivered
1034,28,2025-11-21,Delivered
1035,50,2025-11-21,Delivered
1036,26,2025-11-22,Delivered
1037,29,2025-11-22,Delivered
1038,34,2025-11-22,Delivered
1039,6,2025-11-22,Delivered
1040,47,2025-11-22,Delivered
1041,2,2025-11-22,Delivered
1042,38,2025-11-22,Delivered
1043,53,2025-11-23,Delivered
1044,18,2025-11-23,Delivered
1045,19,2025-11-23,Delivered
1046,5,2025-11-23,Delivered
1047,56,2025-11-23,Delivered
1048,21,2025-11-23,Delivered
1049,72,2025-11-23,Delivered
1050,70,2025-11-24,Delivered
1051,38,2025-11-24,Delivered
1052,83,2025-11-24,Delivered
1053,69,2025-11-24,Delivered
1054,12,2025-11-24,Delivered
1055,33,2025-11-24,Delivered
1056,50,2025-11-24,Delivered
1057,68,2025-11-25,Delivered
1058,34,2025-11-25,Delivered
1059,47,2025-11-25,Delivered
1060,29,2025-11-25,Delivered
1061,14,2025-11-25,Delivered
1062,78,2025-11-25,Delivered
1063,22,2025-11-25,Delivered
1064,79,2025-11-26,Delivered
1065,49,2025-11-26,Delivered
1066,51,2025-11-26,Delivered
1067,6,2025-11-26,Delivered
1068,57,2025-11-26,Delivered
1069,33,2025-11-26,Delivered
1070,65,2025-11-26,Delivered
1071,19,2025-11-26,Delivered
1072,79,2025-11-27,Cancelled
1073,23,2025-11-27,Delivered
1074,24,2025-11-27,Delivered
1075,9,2025-11-27,Delivered
1076,78,2025-11-27,Delivered
1077,68,2025-11-27,Delivered
1078,17,2025-11-27,Delivered
1079,5,2025-11-27,Delivered
1080,84,2025-11-27,Delivered
1081,90,2025-11-27,Delivered
1082,90,2025-11-27,Delivered
1083,4,2025-11-27,Delivered
1084,49,2025-11-27,Delivered
1085,20,2025-11-28,Delivered
1086,27,2025-11-28,Delivered
1087,19,2025-11-28,Delivered
1088,86,2025-11-28,Delivered
1089,23,2025-11-28,Delivered
1090,29,2025-11-28,Delivered
1091,20,2025-11-28,Delivered
1092,54,2025-11-29,Delivered
1093,30,2025-11-29,Delivered
1094,60,2025-11-29,Delivered
1095,63,2025-11-29,Delivered
1096,65,2025-11-29,Delivered
1097,17,2025-11-29,Delivered
1098,38,2025-11-29,Delivered
1099,11,2025-11-29,Delivered
1100,9,2025-11-30,Delivered
1101,61,2025-11-30,Delivered
1102,31,2025-11-30,Delivered
1103,56,2025-11-30,Delivered
1104,5,2025-11-30,Delivered
1105,12,2025-11-30,Delivered
1106,61,2025-11-30,Delivered
1107,31,2025-12-01,Delivered
1108,38,2025-12-01,Delivered
1109,47,2025-12-01,Delivered
1110,25,2025-12-01,Delivered
1111,90,2025-12-01,Delivered
1112,62,2025-12-01,Delivered
1113,56,2025-12-01,Delivered
1114,84,2025-12-02,Delivered
1115,12,2025-12-02,Delivered
1116,27,2025-12-02,Delivered
1117,51,2025-12-02,Delivered
1118,2,2025-12-02,Delivered
1119,28,2025-12-02,Delivered
1120,43,2025-12-02,Delivered
1121,36,2025-12-02,Delivered
1122,31,2025-12-03,Cancelled
1123,54,2025-12-03,Delivered
1124,46,2025-12-03,Delivered
1125,40,2025-12-03,Delivered
1126,43,2025-12-03,Delivered
1127,30,2025-12-03,Delivered
1128,53,2025-12-03,Delivered
1129,76,2025-12-04,Delivered
1130,85,2025-12-04,Delivered
1131,53,2025-12-04,Delivered
1132,23,2025-12-04,Delivered
1133,46,2025-12-04,Delivered
1134,40,2025-12-04,Delivered
1135,66,2025-12-04,Delivered
1136,10,2025-12-04,Delivered
1137,70,2025-12-04,Delivered
1138,27,2025-12-04,Delivered
1139,11,2025-12-05,Delivered
1140,74,2025-12-05,Delivered
1141,31,2025-12-05,Delivered
1142,86,2025-12-05,Delivered
1143,72,2025-12-05,Delivered
1144,53,2025-12-05,Delivered
1145,83,2025-12-05,Delivered
1146,61,2025-12-05,Delivered
1147,56,2025-12-06,Delivered
1148,56,2025-12-06,Delivered
1149,51,2025-12-06,Delivered
1150,35,2025-12-06,Delivered
1151,29,2025-12-06,Delivered
1152,6,2025-12-07,Delivered
1153,72,2025-12-07,Delivered
1154,27,2025-12-07,Delivered
1155,21,2025-12-07,Delivered
1156,5,2025-12-07,Delivered
1157,5,2025-12-07,Delivered
1158,66,2025-12-07,Delivered
1159,29,2025-12-07,Delivered
1160,39,2025-12-08,Delivered
1161,19,2025-12-08,Delivered
1162,78,2025-12-08,Delivered
1163,87,2025-12-08,Delivered
1164,59,2025-12-08,Delivered
1165,79,2025-12-08,Delivered
1166,38,2025-12-08,Delivered
1167,37,2025-12-08,Cancelled
1168,19,2025-12-08,Delivered
1169,27,2025-12-09,Delivered
1170,78,2025-12-09,Delivered
1171,20,2025-12-09,Delivered
1172,56,2025-12-09,Delivered
1173,85,2025-12-09,Delivered
1174,33,2025-12-09,Delivered
1175,25,2025-12-10,Delivered
1176,52,2025-12-10,Delivered
1177,87,2025-12-10,Delivered
1178,24,2025-12-10,Delivered
1179,39,2025-12-10,Delivered
1180,55,2025-12-10,Delivered
1181,45,2025-12-10,Delivered
1182,70,2025-12-10,Delivered
1183,14,2025-12-10,Delivered
1184,72,2025-12-11,Delivered
1185,69,2025-12-11,Delivered
1186,72,2025-12-11,Delivered
1187,36,2025-12-11,Delivered
1188,61,2025-12-11,Delivered
1189,5,2025-12-11,Delivered
1190,16,2025-12-11,Delivered
1191,24,2025-12-12,Delivered
1192,44,2025-12-12,Delivered
1193,46,2025-12-12,Delivered
1194,52,2025-12-12,Delivered
1195,33,2025-12-12,Delivered
1196,4,2025-12-12,Delivered
1197,82,2025-12-12,Delivered
1198,84,2025-12-12,Delivered
1199,13,2025-12-12,Delivered
1200,88,2025-12-13,Delivered
1201,67,2025-12-13,Delivered
1202,64,2025-12-13,Delivered
1203,26,2025-12-13,Delivered
1204,14,2025-12-13,Delivered
1205,53,2025-12-13,Cancelled
1206,11,2025-12-13,Delivered
1207,26,2025-12-14,Delivered
1208,28,2025-12-14,Delivered
1209,53,2025-12-14,Delivered
1210,45,2025-12-14,Delivered
1211,60,2025-12-14,Delivered
1212,61,2025-12-14,Delivered
1213,64,2025-12-14,Delivered
1214,50,2025-12-14,Delivered
1215,11,2025-12-15,Delivered
1216,77,2025-12-15,Delivered
1217,22,2025-12-15,Delivered
1218,70,2025-12-15,Delivered
1219,64,2025-12-15,Delivered
1220,21,2025-12-15,Delivered
1221,68,2025-12-15,Delivered
1222,46,2025-12-15,Delivered
1223,65,2025-12-15,Delivered
1224,39,2025-12-15,Delivered
1225,36,2025-12-15,Delivered
1226,88,2025-12-16,Delivered
1227,68,2025-12-16,Delivered
1228,48,2025-12-16,Delivered
1229,64,2025-12-16,Delivered
1230,40,2025-12-16,Delivered
1231,23,2025-12-16,Delivered
1232,11,2025-12-16,Delivered
1233,34,2025-12-16,Cancelled
1234,81,2025-12-17,Delivered
1235,86,2025-12-17,Delivered
1236,87,2025-12-17,Delivered
1237,61,2025-12-17,Delivered
1238,63,2025-12-17,Cancelled
1239,76,2025-12-17,Delivered
1240,62,2025-12-18,Delivered
1241,45,2025-12-18,Delivered
1242,81,2025-12-18,Delivered
1243,79,2025-12-18,Delivered
1244,28,2025-12-18,Delivered
1245,68,2025-12-18,Delivered
1246,50,2025-12-18,Delivered
1247,69,2025-12-19,Delivered
1248,18,2025-12-19,Delivered
1249,12,2025-12-19,Delivered
1250,51,2025-12-19,Delivered
1251,34,2025-12-19,Delivered
1252,45,2025-12-19,Delivered
1253,90,2025-12-19,Delivered
1254,17,2025-12-19,Delivered
1255,65,2025-12-19,Delivered
1256,59,2025-12-19,Delivered
1257,28,2025-12-20,Delivered
1258,58,2025-12-20,Delivered
1259,80,2025-12-20,Delivered
1260,56,2025-12-20,Delivered
1261,84,2025-12-20,Delivered
1262,46,2025-12-20,Delivered
1263,21,2025-12-20,Delivered
1264,69,2025-12-20,Delivered
1265,8,2025-12-20,Delivered
1266,20,2025-12-21,Delivered
1267,18,2025-12-21,Delivered
1268,85,2025-12-21,Delivered
1269,39,2025-12-21,Delivered
1270,15,2025-12-21,Delivered
1271,77,2025-12-21,Delivered
1272,57,2025-12-22,Delivered
1273,66,2025-12-22,Delivered
1274,37,2025-12-22,Delivered
1275,85,2025-12-22,Delivered
1276,20,2025-12-22,Delivered
1277,80,2025-12-22,Delivered
1278,7,2025-12-22,Delivered
1279,59,2025-12-22,Delivered
1280,74,2025-12-22,Delivered
1281,27,2025-12-23,Delivered
1282,74,2025-12-23,Delivered
1283,79,2025-12-23,Delivered
1284,35,2025-12-23,Delivered
1285,62,2025-12-23,Delivered
1286,77,2025-12-23,Delivered
1287,68,2025-12-23,Delivered
1288,19,2025-12-23,Delivered
1289,35,2025-12-23,Delivered
1290,7,2025-12-24,Delivered
1291,67,2025-12-24,Delivered
1292,84,2025-12-24,Delivered
1293,82,2025-12-24,Delivered
1294,46,2025-12-24,Delivered
1295,48,2025-12-24,Delivered
1296,53,2025-12-24,Delivered
1297,73,2025-12-25,Cancelled
1298,6,2025-12-25,Delivered
1299,84,2025-12-25,Delivered
1300,55,2025-12-25,Delivered
1301,47,2025-12-25,Delivered
1302,71,2025-12-25,Delivered
1303,12,2025-12-25,Delivered
1304,18,2025-12-26,Cancelled
1305,46,2025-12-26,Delivered
1306,59,2025-12-26,Delivered
1307,90,2025-12-26,Delivered
1308,19,2025-12-26,Delivered
1309,5,2025-12-26,Delivered
1310,47,2025-12-26,Delivered
1311,7,2025-12-27,Delivered
1312,83,2025-12-27,Delivered
1313,88,2025-12-27,Delivered
1314,78,2025-12-27,Delivered
1315,76,2025-12-27,Delivered
1316,49,2025-12-27,Delivered
1317,46,2025-12-27,Delivered
1318,1,2025-12-27,Delivered
1319,21,2025-12-27,Delivered
1320,9,2025-12-27,Delivered
1321,86,2025-12-28,Delivered
1322,43,2025-12-28,Delivered
1323,20,2025-12-28,Delivered
1324,85,2025-12-28,Delivered
1325,61,2025-12-28,Delivered
1326,48,2025-12-28,Delivered
1327,5,2025-12-29,Delivered
1328,63,2025-12-29,Delivered
1329,68,2025-12-29,Delivered
1330,77,2025-12-29,Delivered
1331,48,2025-12-29,Delivered
1332,2,2025-12-29,Delivered
1333,73,2025-12-29,Delivered
1334,32,2025-12-29,Delivered
1335,25,2025-12-30,Delivered
1336,67,2025-12-30,Delivered
1337,9,2025-12-30,Delivered
1338,15,2025-12-30,Delivered
1339,28,2025-12-30,Delivered
1340,10,2025-12-30,Delivered
1341,12,2025-12-31,Delivered
1342,44,2025-12-31,Delivered
1343,50,2025-12-31,Delivered
1344,22,2025-12-31,Delivered
1345,86,2025-12-31,Delivered
1346,2,2025-12-31,Delivered
1347,61,2026-01-01,Delivered
1348,37,2026-01-01,Delivered
1349,53,2026-01-01,Delivered
1350,83,2026-01-01,Delivered
1351,24,2026-01-01,Delivered
1352,40,2026-01-01,Delivered
1353,67,2026-01-01,Delivered
1354,62,2026-01-01,Delivered
1355,69,2026-01-02,Delivered
1356,64,2026-01-02,Delivered
1357,7,2026-01-02,Delivered
1358,45,2026-01-02,Delivered
1359,29,2026-01-02,Delivered
1360,59,2026-01-02,Delivered
1361,41,2026-01-02,Cancelled
1362,39,2026-01-03,Delivered
1363,10,2026-01-03,Delivered
1364,21,2026-01-04,Delivered
1365,75,2026-01-04,Delivered
1366,46,2026-01-04,Delivered
1367,34,2026-01-04,Delivered
1368,70,2026-01-04,Delivered
1369,41,2026-01-05,Delivered
1370,28,2026-01-05,Delivered
1371,31,2026-01-05,Delivered
1372,69,2026-01-05,Delivered
1373,87,2026-01-05,Delivered
1374,58,2026-01-05,Delivered
1375,83,2026-01-06,Delivered
1376,83,2026-01-06,Delivered
1377,51,2026-01-07,Delivered
1378,59,2026-01-07,Delivered
1379,11,2026-01-07,Delivered
1380,62,2026-01-07,Delivered
1381,66,2026-01-07,Delivered
1382,4,2026-01-07,Delivered
1383,73,2026-01-07,Delivered
1384,75,2026-01-08,Delivered
1385,2,2026-01-08,Delivered
1386,5,2026-01-08,Delivered
1387,5,2026-01-08,Delivered
1388,16,2026-01-08,Delivered
1389,40,2026-01-09,Delivered
1390,34,2026-01-09,Delivered
1391,85,2026-01-09,Delivered
1392,87,2026-01-09,Delivered
1393,65,2026-01-09,Delivered
1394,88,2026-01-09,Delivered
1395,48,2026-01-09,Delivered
1396,32,2026-01-09,Delivered
1397,18,2026-01-09,Delivered
1398,5,2026-01-09,Delivered
1399,47,2026-01-10,Delivered
1400,41,2026-01-10,Delivered
1401,17,2026-01-10,Delivered
1402,66,2026-01-11,Delivered
1403,86,2026-01-11,Delivered
1404,46,2026-01-11,Delivered
1405,7,2026-01-12,Delivered
1406,59,2026-01-12,Delivered
1407,33,2026-01-12,Delivered
1408,56,2026-01-12,Delivered
1409,86,2026-01-13,Delivered
1410,8,2026-01-13,Delivered
1411,74,2026-01-13,Delivered
1412,40,2026-01-13,Delivered
1413,37,2026-01-13,Delivered
1414,27,2026-01-14,Delivered
1415,50,2026-01-14,Cancelled
1416,18,2026-01-14,Delivered
1417,68,2026-01-14,Delivered
1418,30,2026-01-14,Cancelled
1419,22,2026-01-14,Delivered
1420,49,2026-01-14,Delivered
1421,29,2026-01-15,Delivered
1422,30,2026-01-15,Delivered
1423,21,2026-01-15,Delivered
1424,81,2026-01-15,Delivered
1425,27,2026-01-15,Delivered
1426,22,2026-01-15,Delivered
1427,22,2026-01-15,Delivered
1428,1,2026-01-16,Delivered
1429,17,2026-01-16,Delivered
1430,88,2026-01-16,Delivered
1431,49,2026-01-16,Delivered
1432,10,2026-01-16,Delivered
1433,80,2026-01-16,Delivered
1434,15,2026-01-16,Delivered
1435,56,2026-01-16,Delivered
1436,50,2026-01-16,Delivered
1437,44,2026-01-17,Delivered
1438,27,2026-01-17,Delivered
1439,66,2026-01-17,Delivered
1440,4,2026-01-17,Delivered
1441,85,2026-01-17,Delivered
1442,62,2026-01-17,Delivered
1443,36,2026-01-17,Delivered
1444,75,2026-01-18,Delivered
1445,1,2026-01-18,Delivered
1446,60,2026-01-18,Delivered
1447,84,2026-01-18,Delivered
1448,17,2026-01-18,Delivered
1449,10,2026-01-18,Delivered
1450,1,2026-01-18,Delivered
1451,5,2026-01-19,Delivered
1452,33,2026-01-19,Delivered
1453,15,2026-01-19,Delivered
1454,73,2026-01-20,Delivered
1455,51,2026-01-20,Delivered
1456,69,2026-01-20,Delivered
1457,55,2026-01-20,Delivered
1458,76,2026-01-20,Delivered
1459,87,2026-01-20,Delivered
1460,74,2026-01-20,Delivered
1461,51,2026-01-21,Delivered
1462,17,2026-01-21,Delivered
1463,37,2026-01-21,Delivered
1464,75,2026-01-21,Delivered
1465,23,2026-01-21,Delivered
1466,46,2026-01-21,Delivered
1467,24,2026-01-22,Delivered
1468,45,2026-01-22,Delivered
1469,80,2026-01-22,Delivered
1470,6,2026-01-22,Delivered
1471,47,2026-01-22,Delivered
1472,5,2026-01-22,Delivered
1473,21,2026-01-22,Delivered
1474,60,2026-01-23,Delivered
1475,28,2026-01-23,Delivered
1476,55,2026-01-23,Delivered
1477,36,2026-01-23,Delivered
1478,9,2026-01-24,Delivered
1479,64,2026-01-24,Delivered
1480,82,2026-01-24,Delivered
1481,82,2026-01-24,Delivered
1482,63,2026-01-24,Delivered
1483,86,2026-01-24,Delivered
1484,87,2026-01-25,Delivered
1485,80,2026-01-25,Delivered
1486,89,2026-01-25,Delivered
1487,3,2026-01-25,Delivered
1488,19,2026-01-25,Delivered
1489,35,2026-01-25,Delivered
1490,50,2026-01-25,Delivered
1491,67,2026-01-25,Delivered
1492,12,2026-01-25,Delivered
1493,51,2026-01-25,Delivered
1494,32,2026-01-26,Delivered
1495,47,2026-01-26,Delivered
1496,51,2026-01-26,Delivered
1497,55,2026-01-26,Delivered
1498,90,2026-01-26,Delivered
1499,28,2026-01-26,Delivered
1500,56,2026-01-26,Delivered
1501,2,2026-01-27,Delivered
1502,28,2026-01-27,Delivered
1503,19,2026-01-27,Delivered
1504,28,2026-01-27,Delivered
1505,56,2026-01-27,Delivered
1506,30,2026-01-27,Delivered
1507,3,2026-01-27,Cancelled
1508,8,2026-01-27,Delivered
1509,84,2026-01-27,Delivered
1510,59,2026-01-28,Delivered
1511,80,2026-01-28,Delivered
1512,10,2026-01-28,Delivered
1513,25,2026-01-28,Delivered
1514,70,2026-01-28,Delivered
1515,52,2026-01-28,Delivered
1516,62,2026-01-29,Delivered
1517,85,2026-01-29,Delivered
1518,61,2026-01-29,Delivered
1519,88,2026-01-29,Delivered
1520,26,2026-01-30,Delivered
1521,20,2026-01-30,Delivered
1522,8,2026-01-30,Delivered
1523,52,2026-01-30,Delivered
1524,84,2026-01-30,Delivered
1525,39,2026-01-30,Delivered
1526,33,2026-01-30,Delivered
1527,47,2026-01-30,Delivered
1528,62,2026-01-30,Delivered
1529,18,2026-01-30,Delivered
1530,54,2026-01-31,Delivered
1531,90,2026-01-31,Delivered
1532,41,2026-01-31,Delivered
1533,62,2026-01-31,Delivered
1534,71,2026-01-31,Delivered
1535,8,2026-01-31,Delivered
1536,63,2026-02-01,Delivered
1537,42,2026-02-01,Delivered
1538,85,2026-02-01,Delivered
1539,69,2026-02-01,Delivered
1540,56,2026-02-01,Delivered
1541,2,2026-02-01,Delivered
1542,37,2026-02-02,Delivered
1543,61,2026-02-02,Delivered
1544,33,2026-02-02,Delivered
1545,7,2026-02-03,Delivered
1546,73,2026-02-03,Cancelled
1547,72,2026-02-03,Delivered
1548,89,2026-02-03,Delivered
1549,56,2026-02-03,Delivered
1550,68,2026-02-03,Delivered
1551,14,2026-02-03,Delivered
1552,48,2026-02-03,Delivered
1553,26,2026-02-03,Delivered
1554,59,2026-02-04,Delivered
1555,90,2026-02-04,Delivered
1556,18,2026-02-04,Delivered
1557,4,2026-02-04,Delivered
1558,16,2026-02-04,Delivered
1559,59,2026-02-04,Delivered
1560,47,2026-02-04,Delivered
1561,11,2026-02-04,Delivered
1562,42,2026-02-05,Delivered
1563,68,2026-02-05,Delivered
1564,16,2026-02-05,Delivered
1565,90,2026-02-05,Delivered
1566,64,2026-02-05,Delivered
1567,88,2026-02-06,Delivered
1568,26,2026-02-06,Delivered
1569,66,2026-02-06,Delivered
1570,54,2026-02-06,Delivered
1571,90,2026-02-06,Delivered
1572,52,2026-02-07,Delivered
1573,40,2026-02-07,Delivered
1574,64,2026-02-07,Delivered
1575,55,2026-02-07,Delivered
1576,12,2026-02-07,Delivered
1577,83,2026-02-07,Delivered
1578,5,2026-02-08,Delivered
1579,39,2026-02-08,Cancelled
1580,87,2026-02-08,Delivered
1581,21,2026-02-08,Delivered
1582,84,2026-02-08,Delivered
1583,88,2026-02-08,Delivered
1584,20,2026-02-08,Delivered
1585,72,2026-02-08,Delivered
1586,65,2026-02-08,Delivered
1587,57,2026-02-09,Delivered
1588,22,2026-02-09,Delivered
1589,72,2026-02-09,Delivered
1590,10,2026-02-09,Delivered
1591,52,2026-02-10,Delivered
1592,75,2026-02-10,Delivered
1593,6,2026-02-10,Cancelled
1594,74,2026-02-10,Delivered
1595,62,2026-02-10,Delivered
1596,37,2026-02-11,Delivered
1597,1,2026-02-11,Delivered
1598,16,2026-02-11,Delivered
1599,35,2026-02-11,Delivered
1600,4,2026-02-12,Delivered
1601,33,2026-02-12,Delivered
1602,14,2026-02-12,Delivered
1603,84,2026-02-12,Delivered
1604,74,2026-02-12,Delivered
1605,18,2026-02-12,Delivered
1606,41,2026-02-13,Delivered
1607,38,2026-02-13,Delivered
1608,24,2026-02-13,Delivered
1609,54,2026-02-13,Delivered
1610,57,2026-02-13,Delivered
1611,68,2026-02-13,Delivered
1612,13,2026-02-14,Delivered
1613,42,2026-02-14,Delivered
1614,41,2026-02-14,Delivered
1615,8,2026-02-14,Delivered
1616,49,2026-02-14,Delivered
1617,1,2026-02-14,Delivered
1618,89,2026-02-14,Delivered
1619,36,2026-02-14,Delivered
1620,12,2026-02-14,Delivered
1621,13,2026-02-15,Delivered
1622,30,2026-02-15,Cancelled
1623,58,2026-02-15,Delivered
1624,27,2026-02-15,Delivered
1625,67,2026-02-15,Delivered
1626,20,2026-02-16,Delivered
1627,11,2026-02-16,Delivered
1628,13,2026-02-16,Delivered
1629,47,2026-02-16,Delivered
1630,82,2026-02-16,Delivered
1631,50,2026-02-16,Delivered
1632,82,2026-02-17,Delivered
1633,41,2026-02-18,Delivered
1634,2,2026-02-18,Delivered
1635,56,2026-02-18,Delivered
1636,9,2026-02-18,Delivered
1637,10,2026-02-19,Delivered
1638,21,2026-02-19,Delivered
1639,77,2026-02-19,Delivered
1640,20,2026-02-19,Delivered
1641,27,2026-02-19,Delivered
1642,53,2026-02-19,Delivered
1643,14,2026-02-20,Delivered
1644,63,2026-02-20,Delivered
1645,87,2026-02-20,Delivered
1646,61,2026-02-20,Delivered
1647,17,2026-02-21,Delivered
1648,57,2026-02-21,Delivered
1649,9,2026-02-21,Delivered
1650,79,2026-02-21,Delivered
1651,84,2026-02-21,Delivered
1652,39,2026-02-21,Delivered
1653,50,2026-02-22,Delivered
1654,61,2026-02-22,Delivered
1655,21,2026-02-22,Delivered
1656,50,2026-02-22,Delivered
1657,72,2026-02-22,Delivered
1658,22,2026-02-22,Delivered
1659,90,2026-02-22,Delivered
1660,68,2026-02-22,Delivered
1661,40,2026-02-23,Delivered
1662,16,2026-02-23,Delivered
1663,75,2026-02-23,Delivered
1664,20,2026-02-23,Delivered
1665,72,2026-02-23,Delivered
1666,56,2026-02-23,Delivered
1667,6,2026-02-23,Delivered
1668,74,2026-02-24,Delivered
1669,89,2026-02-24,Delivered
1670,45,2026-02-24,Delivered
1671,54,2026-02-24,Delivered
1672,56,2026-02-24,Delivered
1673,20,2026-02-24,Delivered
1674,36,2026-02-24,Delivered
1675,60,2026-02-24,Delivered
1676,15,2026-02-24,Delivered
1677,45,2026-02-24,Delivered
1678,17,2026-02-25,Delivered
1679,56,2026-02-25,Delivered
1680,76,2026-02-25,Delivered
1681,33,2026-02-25,Delivered
1682,56,2026-02-25,Delivered
1683,1,2026-02-25,Delivered
1684,85,2026-02-26,Delivered
1685,2,2026-02-26,Cancelled
1686,28,2026-02-27,Delivered
1687,83,2026-02-27,Delivered
1688,10,2026-02-27,Delivered
1689,25,2026-02-27,Delivered
1690,75,2026-02-27,Delivered
1691,54,2026-02-28,Delivered
1692,51,2026-02-28,Delivered
1693,24,2026-02-28,Delivered
1694,82,2026-02-28,Delivered
1695,26,2026-02-28,Delivered
1696,11,2026-02-28,Delivered
1697,5,2026-02-28,Delivered
1698,18,2026-03-01,Delivered
1699,28,2026-03-01,Delivered
1700,55,2026-03-01,Delivered
1701,71,2026-03-01,Delivered
1702,80,2026-03-01,Delivered
1703,17,2026-03-01,Delivered
1704,5,2026-03-01,Delivered
1705,23,2026-03-01,Delivered
1706,8,2026-03-02,Delivered
1707,67,2026-03-02,Delivered
1708,72,2026-03-02,Delivered
1709,18,2026-03-02,Delivered
1710,20,2026-03-02,Delivered
1711,53,2026-03-02,Delivered
1712,51,2026-03-02,Delivered
1713,87,2026-03-02,Delivered
1714,16,2026-03-03,Delivered
1715,87,2026-03-03,Delivered
1716,2,2026-03-03,Delivered
1717,4,2026-03-03,Delivered
1718,12,2026-03-03,Delivered
1719,50,2026-03-03,Delivered
1720,8,2026-03-03,Delivered
1721,78,2026-03-03,Delivered
1722,90,2026-03-03,Delivered
1723,3,2026-03-03,Delivered
1724,10,2026-03-03,Delivered
1725,61,2026-03-03,Delivered
1726,43,2026-03-04,Delivered
1727,42,2026-03-04,Delivered
1728,17,2026-03-04,Delivered
1729,48,2026-03-04,Delivered
1730,77,2026-03-04,Delivered
1731,56,2026-03-04,Delivered
1732,46,2026-03-05,Delivered
1733,53,2026-03-05,Delivered
1734,2,2026-03-05,Delivered
1735,45,2026-03-05,Delivered
1736,72,2026-03-05,Delivered
1737,38,2026-03-05,Delivered
1738,10,2026-03-05,Delivered
1739,38,2026-03-05,Delivered
1740,35,2026-03-05,Delivered
1741,57,2026-03-05,Delivered
1742,84,2026-03-06,Delivered
1743,57,2026-03-06,Delivered
1744,80,2026-03-06,Delivered
1745,8,2026-03-06,Delivered
1746,73,2026-03-06,Delivered
1747,18,2026-03-06,Delivered
1748,48,2026-03-07,Delivered
1749,63,2026-03-07,Delivered
1750,76,2026-03-07,Delivered
1751,42,2026-03-07,Delivered
1752,46,2026-03-07,Delivered
1753,55,2026-03-07,Delivered
1754,71,2026-03-07,Delivered
1755,67,2026-03-08,Delivered
1756,24,2026-03-08,Delivered
1757,24,2026-03-08,Delivered
1758,62,2026-03-08,Delivered
1759,34,2026-03-08,Delivered
1760,48,2026-03-08,Delivered
1761,85,2026-03-08,Delivered
1762,20,2026-03-08,Delivered
1763,39,2026-03-09,Delivered
1764,56,2026-03-09,Delivered
1765,6,2026-03-09,Delivered
1766,5,2026-03-09,Delivered
1767,63,2026-03-09,Delivered
1768,38,2026-03-09,Delivered
1769,28,2026-03-09,Delivered
1770,7,2026-03-09,Delivered
1771,24,2026-03-10,Delivered
1772,48,2026-03-10,Delivered
1773,82,2026-03-10,Delivered
1774,36,2026-03-10,Delivered
1775,82,2026-03-10,Delivered
1776,60,2026-03-10,Delivered
1777,57,2026-03-10,Delivered
1778,63,2026-03-10,Delivered
1779,37,2026-03-11,Delivered
1780,33,2026-03-11,Delivered
1781,81,2026-03-11,Delivered
1782,10,2026-03-11,Delivered
1783,32,2026-03-11,Delivered
1784,56,2026-03-11,Delivered
1785,75,2026-03-11,Delivered
1786,52,2026-03-11,Delivered
1787,51,2026-03-11,Delivered
1788,6,2026-03-11,Delivered
1789,70,2026-03-12,Delivered
1790,89,2026-03-12,Delivered
1791,12,2026-03-12,Delivered
1792,64,2026-03-12,Delivered
1793,54,2026-03-12,Delivered
1794,79,2026-03-12,Delivered
1795,7,2026-03-12,Delivered
1796,26,2026-03-12,Delivered
1797,78,2026-03-12,Delivered
1798,42,2026-03-12,Delivered
1799,27,2026-03-12,Delivered
1800,71,2026-03-13,Delivered
1801,81,2026-03-13,Delivered
1802,82,2026-03-13,Delivered
1803,7,2026-03-13,Delivered
1804,1,2026-03-13,Delivered
1805,40,2026-03-13,Delivered
1806,30,2026-03-13,Delivered
1807,16,2026-03-13,Delivered
1808,46,2026-03-13,Delivered
1809,84,2026-03-13,Delivered
1810,3,2026-03-14,Delivered
1811,64,2026-03-14,Delivered
1812,67,2026-03-14,Delivered
1813,34,2026-03-14,Delivered
1814,57,2026-03-14,Delivered
1815,25,2026-03-14,Delivered
1816,87,2026-03-15,Delivered
1817,41,2026-03-15,Delivered
1818,8,2026-03-15,Delivered
1819,41,2026-03-15,Delivered
1820,10,2026-03-15,Delivered
1821,64,2026-03-15,Delivered
1822,84,2026-03-15,Delivered
1823,70,2026-03-15,Delivered
1824,72,2026-03-15,Delivered
1825,35,2026-03-15,Delivered
1826,62,2026-03-15,Delivered
1827,83,2026-03-16,Delivered
1828,45,2026-03-16,Delivered
1829,78,2026-03-16,Delivered
1830,79,2026-03-16,Delivered
1831,16,2026-03-16,Delivered
1832,45,2026-03-16,Delivered
1833,34,2026-03-16,Delivered
1834,63,2026-03-17,Delivered
1835,24,2026-03-17,Delivered
1836,80,2026-03-17,Delivered
1837,74,2026-03-17,Delivered
1838,59,2026-03-17,Delivered
1839,14,2026-03-17,Delivered
1840,74,2026-03-17,Delivered
1841,42,2026-03-17,Delivered
1842,16,2026-03-18,Delivered
1843,77,2026-03-18,Delivered
1844,32,2026-03-18,Delivered
1845,27,2026-03-18,Cancelled
1846,30,2026-03-18,Delivered
1847,72,2026-03-18,Delivered
1848,22,2026-03-18,Delivered
1849,5,2026-03-18,Delivered
1850,76,2026-03-18,Delivered
1851,80,2026-03-18,Delivered
1852,2,2026-03-19,Delivered
1853,56,2026-03-19,Delivered
1854,29,2026-03-19,Delivered
1855,90,2026-03-19,Delivered
1856,90,2026-03-19,Delivered
1857,82,2026-03-19,Delivered
1858,77,2026-03-19,Delivered
1859,69,2026-03-19,Delivered
1860,46,2026-03-19,Delivered
1861,3,2026-03-19,Delivered
1862,78,2026-03-19,Delivered
1863,3,2026-03-19,Delivered
1864,21,2026-03-20,Delivered
1865,33,2026-03-20,Delivered
1866,66,2026-03-20,Delivered
1867,21,2026-03-20,Delivered
1868,75,2026-03-20,Delivered
1869,82,2026-03-20,Delivered
1870,69,2026-03-20,Delivered
1871,33,2026-03-21,Delivered
1872,46,2026-03-21,Delivered
1873,58,2026-03-21,Delivered
1874,47,2026-03-21,Delivered
1875,35,2026-03-21,Delivered
1876,61,2026-03-22,Delivered
1877,72,2026-03-22,Delivered
1878,56,2026-03-22,Delivered
1879,51,2026-03-22,Delivered
1880,75,2026-03-22,Delivered
1881,61,2026-03-22,Delivered
1882,40,2026-03-22,Delivered
1883,36,2026-03-22,Delivered
1884,34,2026-03-23,Delivered
1885,46,2026-03-23,Delivered
1886,56,2026-03-23,Delivered
1887,68,2026-03-23,Delivered
1888,58,2026-03-23,Delivered
1889,80,2026-03-23,Delivered
1890,63,2026-03-23,Delivered
1891,65,2026-03-23,Delivered
1892,37,2026-03-24,Delivered
1893,2,2026-03-24,Delivered
1894,13,2026-03-24,Delivered
1895,4,2026-03-24,Delivered
1896,62,2026-03-24,Delivered
1897,58,2026-03-24,Delivered
1898,82,2026-03-24,Delivered
1899,71,2026-03-24,Delivered
1900,44,2026-03-25,Delivered
1901,44,2026-03-25,Delivered
1902,81,2026-03-25,Delivered
1903,42,2026-03-25,Delivered
1904,8,2026-03-25,Delivered
1905,64,2026-03-25,Delivered
1906,43,2026-03-25,Delivered
1907,36,2026-03-25,Delivered
1908,6,2026-03-25,Delivered
1909,33,2026-03-25,Delivered
1910,69,2026-03-26,Delivered
1911,84,2026-03-26,Cancelled
1912,59,2026-03-26,Delivered
1913,81,2026-03-26,Delivered
1914,16,2026-03-26,Delivered
1915,55,2026-03-26,Delivered
1916,69,2026-03-26,Delivered
1917,5,2026-03-26,Delivered
1918,48,2026-03-26,Delivered
1919,45,2026-03-27,Delivered
1920,42,2026-03-27,Delivered
1921,13,2026-03-27,Delivered
1922,66,2026-03-27,Cancelled
1923,69,2026-03-27,Delivered
1924,32,2026-03-27,Delivered
1925,48,2026-03-27,Delivered
1926,70,2026-03-27,Delivered
1927,1,2026-03-28,Delivered
1928,15,2026-03-28,Cancelled
1929,47,2026-03-28,Delivered
1930,14,2026-03-28,Delivered
1931,28,2026-03-28,Delivered
1932,79,2026-03-28,Delivered
1933,26,2026-03-28,Delivered
1934,69,2026-03-28,Delivered
1935,45,2026-03-28,Delivered
1936,16,2026-03-28,Delivered
1937,62,2026-03-29,Cancelled
1938,4,2026-03-29,Delivered
1939,62,2026-03-29,Delivered
1940,4,2026-03-29,Delivered
1941,68,2026-03-29,Delivered
1942,84,2026-03-29,Delivered
1943,68,2026-03-29,Delivered
1944,65,2026-03-29,Delivered
1945,59,2026-03-29,Delivered
1946,68,2026-03-29,Delivered
1947,24,2026-03-30,Delivered
1948,78,2026-03-30,Delivered
1949,31,2026-03-30,Delivered
1950,57,2026-03-30,Delivered
1951,35,2026-03-30,Delivered
1952,53,2026-03-30,Delivered
1953,58,2026-03-30,Delivered
1954,44,2026-03-30,Delivered
1955,21,2026-03-31,Delivered
1956,68,2026-03-31,Delivered
1957,54,2026-03-31,Delivered
1958,40,2026-03-31,Delivered
1959,47,2026-03-31,Delivered
1960,50,2026-03-31,Cancelled
1961,77,2026-03-31,Delivered
1962,61,2026-04-01,Delivered
1963,65,2026-04-01,Delivered
1964,58,2026-04-01,Delivered
1965,33,2026-04-01,Delivered
1966,54,2026-04-01,Delivered
1967,87,2026-04-01,Delivered
1968,64,2026-04-01,Delivered
1969,68,2026-04-01,Delivered
1970,36,2026-04-01,Delivered
1971,64,2026-04-02,Delivered
1972,66,2026-04-02,Delivered
1973,49,2026-04-02,Delivered
1974,24,2026-04-02,Delivered
1975,30,2026-04-02,Delivered
1976,60,2026-04-02,Delivered
1977,31,2026-04-02,Delivered
1978,24,2026-04-02,Delivered
1979,8,2026-04-02,Delivered
1980,23,2026-04-02,Delivered
1981,83,2026-04-03,Delivered
1982,25,2026-04-03,Delivered
1983,22,2026-04-04,Delivered
1984,64,2026-04-04,Delivered
1985,50,2026-04-04,Delivered
1986,85,2026-04-04,Delivered
1987,54,2026-04-04,Delivered
1988,72,2026-04-04,Delivered
1989,25,2026-04-04,Delivered
1990,4,2026-04-04,Delivered
1991,41,2026-04-05,Delivered
1992,30,2026-04-05,Delivered
1993,69,2026-04-05,Delivered
1994,52,2026-04-05,Delivered
1995,51,2026-04-05,Cancelled
1996,67,2026-04-05,Delivered
1997,49,2026-04-06,Delivered
1998,68,2026-04-06,Delivered
1999,8,2026-04-06,Delivered
2000,74,2026-04-06,Delivered
2001,79,2026-04-06,Delivered
2002,65,2026-04-06,Delivered
2003,58,2026-04-06,Delivered
2004,43,2026-04-06,Delivered
2005,69,2026-04-07,Delivered
2006,42,2026-04-07,Delivered
2007,31,2026-04-07,Delivered
2008,3,2026-04-07,Delivered
2009,45,2026-04-07,Delivered
2010,81,2026-04-07,Delivered
2011,40,2026-04-07,Delivered
2012,44,2026-04-07,Delivered
2013,1,2026-04-07,Delivered
2014,20,2026-04-07,Delivered
2015,47,2026-04-07,Delivered
2016,18,2026-04-08,Delivered
2017,23,2026-04-08,Delivered
2018,16,2026-04-08,Delivered
2019,14,2026-04-08,Delivered
2020,2,2026-04-08,Delivered
2021,62,2026-04-08,Delivered
2022,67,2026-04-08,Delivered
2023,49,2026-04-08,Delivered
2024,48,2026-04-08,Delivered
2025,26,2026-04-09,Delivered
2026,44,2026-04-09,Delivered
2027,84,2026-04-09,Delivered
2028,50,2026-04-09,Delivered
2029,87,2026-04-09,Delivered
2030,76,2026-04-09,Delivered
2031,10,2026-04-09,Delivered
2032,32,2026-04-09,Delivered
2033,10,2026-04-09,Delivered
2034,1,2026-04-09,Delivered
2035,85,2026-04-10,Delivered
2036,54,2026-04-10,Delivered
2037,39,2026-04-10,Delivered
2038,9,2026-04-10,Delivered
2039,1,2026-04-10,Delivered
2040,32,2026-04-10,Delivered
2041,28,2026-04-10,Delivered
2042,73,2026-04-10,Delivered
2043,85,2026-04-10,Delivered
2044,12,2026-04-11,Delivered
2045,5,2026-04-11,Delivered
2046,15,2026-04-11,Delivered
2047,13,2026-04-11,Delivered
2048,26,2026-04-11,Delivered
2049,47,2026-04-11,Delivered
2050,47,2026-04-11,Delivered
2051,37,2026-04-12,Delivered
2052,78,2026-04-12,Delivered
2053,44,2026-04-12,Delivered
2054,13,2026-04-12,Cancelled
2055,1,2026-04-12,Delivered
2056,57,2026-04-12,Delivered
2057,45,2026-04-12,Delivered
2058,34,2026-04-13,Cancelled
2059,22,2026-04-13,Delivered
2060,9,2026-04-13,Delivered
2061,25,2026-04-13,Delivered
2062,46,2026-04-13,Delivered
2063,84,2026-04-14,Cancelled
2064,67,2026-04-14,Delivered
2065,68,2026-04-14,Delivered
2066,2,2026-04-14,Delivered
2067,76,2026-04-14,Delivered
2068,5,2026-04-14,Delivered
2069,56,2026-04-14,Delivered
2070,73,2026-04-15,Delivered
2071,42,2026-04-15,Delivered
2072,74,2026-04-15,Delivered
2073,31,2026-04-15,Delivered
2074,87,2026-04-15,Delivered
2075,27,2026-04-15,Delivered
2076,58,2026-04-15,Delivered
2077,3,2026-04-15,Delivered
2078,14,2026-04-15,Delivered
2079,52,2026-04-15,Delivered
2080,70,2026-04-15,Delivered
2081,26,2026-04-16,Delivered
2082,52,2026-04-16,Delivered
2083,30,2026-04-16,Delivered
2084,89,2026-04-16,Delivered
2085,10,2026-04-16,Cancelled
2086,89,2026-04-16,Delivered
2087,78,2026-04-16,Delivered
2088,55,2026-04-16,Delivered
2089,87,2026-04-17,Delivered
2090,74,2026-04-17,Delivered
2091,21,2026-04-17,Delivered
2092,70,2026-04-17,Delivered
2093,84,2026-04-17,Delivered
2094,54,2026-04-17,Delivered
2095,68,2026-04-17,Delivered
2096,73,2026-04-17,Delivered
2097,76,2026-04-17,Delivered
2098,76,2026-04-17,Delivered
2099,71,2026-04-18,Delivered
2100,76,2026-04-18,Delivered
2101,41,2026-04-18,Delivered
2102,51,2026-04-18,Cancelled
2103,87,2026-04-18,Delivered
2104,89,2026-04-18,Delivered
2105,43,2026-04-18,Delivered
2106,76,2026-04-19,Delivered
2107,25,2026-04-19,Delivered
2108,22,2026-04-19,Delivered
2109,43,2026-04-19,Delivered
2110,88,2026-04-19,Delivered
2111,83,2026-04-19,Delivered
2112,78,2026-04-19,Delivered
2113,74,2026-04-19,Delivered
2114,62,2026-04-19,Delivered
2115,34,2026-04-19,Delivered
2116,43,2026-04-20,Delivered
2117,1,2026-04-20,Delivered
2118,83,2026-04-20,Delivered
2119,77,2026-04-20,Delivered
2120,62,2026-04-20,Delivered
2121,69,2026-04-20,Delivered
2122,39,2026-04-20,Delivered
2123,32,2026-04-21,Delivered
2124,68,2026-04-21,Delivered
2125,50,2026-04-21,Delivered
2126,41,2026-04-21,Delivered
2127,67,2026-04-21,Delivered
2128,79,2026-04-21,Delivered
2129,47,2026-04-21,Delivered
2130,63,2026-04-22,Delivered
2131,47,2026-04-22,Delivered
2132,23,2026-04-22,Delivered
2133,28,2026-04-22,Delivered
2134,66,2026-04-22,Delivered
2135,33,2026-04-22,Delivered
2136,45,2026-04-22,Delivered
2137,82,2026-04-22,Cancelled
2138,27,2026-04-22,Delivered
2139,31,2026-04-22,Delivered
2140,48,2026-04-22,Delivered
2141,30,2026-04-22,Delivered
2142,71,2026-04-22,Delivered
2143,88,2026-04-22,Delivered
2144,54,2026-04-23,Delivered
2145,69,2026-04-23,Delivered
2146,52,2026-04-23,Delivered
2147,64,2026-04-23,Delivered
2148,11,2026-04-23,Delivered
2149,84,2026-04-23,Delivered
2150,54,2026-04-23,Delivered
2151,4,2026-04-23,Delivered
2152,68,2026-04-23,Delivered
2153,85,2026-04-24,Delivered
2154,61,2026-04-24,Delivered
2155,59,2026-04-24,Delivered
2156,33,2026-04-24,Delivered
2157,70,2026-04-24,Delivered
2158,78,2026-04-24,Delivered
2159,28,2026-04-24,Delivered
2160,4,2026-04-25,Delivered
2161,38,2026-04-25,Delivered
2162,82,2026-04-25,Delivered
2163,29,2026-04-25,Delivered
2164,89,2026-04-25,Delivered
2165,41,2026-04-25,Delivered
2166,55,2026-04-25,Delivered
2167,2,2026-04-26,Delivered
2168,55,2026-04-26,Delivered
2169,63,2026-04-26,Delivered
2170,87,2026-04-26,Delivered
2171,49,2026-04-26,Delivered
2172,90,2026-04-26,Delivered
2173,66,2026-04-26,Delivered
2174,26,2026-04-27,Delivered
2175,19,2026-04-27,Delivered
2176,53,2026-04-27,Delivered
2177,82,2026-04-27,Delivered
2178,20,2026-04-27,Delivered
2179,1,2026-04-27,Delivered
2180,17,2026-04-27,Delivered
2181,32,2026-04-27,Cancelled
2182,3,2026-04-28,Delivered
2183,86,2026-04-28,Delivered
2184,17,2026-04-28,Delivered
2185,63,2026-04-28,Delivered
2186,29,2026-04-28,Delivered
2187,18,2026-04-28,Cancelled
2188,76,2026-04-28,Delivered
2189,52,2026-04-28,Delivered
2190,72,2026-04-29,Cancelled
2191,75,2026-04-29,Cancelled
2192,59,2026-04-29,Delivered
2193,22,2026-04-29,Delivered
2194,85,2026-04-29,Delivered
2195,50,2026-04-29,Delivered
2196,30,2026-04-29,Delivered
2197,78,2026-04-29,Delivered
2198,79,2026-04-29,Delivered
2199,89,2026-04-29,Delivered
2200,61,2026-04-30,Delivered
2201,74,2026-04-30,Delivered
2202,3,2026-04-30,Delivered
2203,27,2026-04-30,Delivered
2204,90,2026-04-30,Delivered
2205,38,2026-04-30,Delivered
2206,55,2026-05-01,Delivered
2207,50,2026-05-01,Delivered
2208,87,2026-05-01,Cancelled
2209,73,2026-05-01,Delivered
2210,46,2026-05-01,Delivered
2211,35,2026-05-01,Delivered
2212,34,2026-05-01,Delivered
2213,40,2026-05-01,Delivered
2214,76,2026-05-02,Delivered
2215,68,2026-05-02,Delivered
2216,59,2026-05-02,Delivered
2217,34,2026-05-02,Delivered
2218,74,2026-05-02,Delivered
2219,81,2026-05-02,Delivered
2220,8,2026-05-02,Delivered
2221,4,2026-05-02,Delivered
2222,69,2026-05-02,Delivered
2223,14,2026-05-02,Delivered
2224,64,2026-05-03,Delivered
2225,77,2026-05-03,Delivered
2226,6,2026-05-03,Delivered
2227,71,2026-05-03,Delivered
2228,84,2026-05-03,Delivered
2229,82,2026-05-03,Delivered
2230,6,2026-05-03,Delivered
2231,5,2026-05-03,Delivered
2232,20,2026-05-03,Delivered
2233,27,2026-05-04,Cancelled
2234,33,2026-05-04,Delivered
2235,79,2026-05-04,Delivered
2236,22,2026-05-04,Delivered
2237,61,2026-05-04,Delivered
2238,19,2026-05-04,Delivered
2239,17,2026-05-04,Cancelled
2240,34,2026-05-04,Delivered
2241,90,2026-05-04,Delivered
2242,31,2026-05-04,Delivered
2243,26,2026-05-04,Delivered
2244,29,2026-05-05,Delivered
2245,63,2026-05-05,Delivered
2246,40,2026-05-05,Delivered
2247,30,2026-05-05,Delivered
2248,30,2026-05-05,Delivered
2249,35,2026-05-05,Cancelled
2250,62,2026-05-05,Delivered
2251,59,2026-05-05,Delivered
2252,6,2026-05-05,Delivered
2253,14,2026-05-05,Delivered
2254,10,2026-05-06,Delivered
2255,7,2026-05-06,Delivered
2256,20,2026-05-06,Delivered
2257,35,2026-05-06,Delivered
2258,47,2026-05-06,Delivered
2259,71,2026-05-06,Delivered
2260,11,2026-05-06,Delivered
2261,78,2026-05-06,Delivered
2262,38,2026-05-06,Delivered
2263,4,2026-05-06,Delivered
2264,10,2026-05-06,Delivered
2265,14,2026-05-07,Delivered
2266,15,2026-05-07,Delivered
2267,41,2026-05-07,Delivered
2268,56,2026-05-07,Delivered
2269,53,2026-05-07,Delivered
2270,35,2026-05-07,Delivered
2271,76,2026-05-07,Delivered
2272,34,2026-05-07,Delivered
2273,56,2026-05-07,Delivered
2274,35,2026-05-08,Delivered
2275,64,2026-05-08,Delivered
2276,29,2026-05-08,Delivered
2277,50,2026-05-08,Delivered
2278,52,2026-05-08,Delivered
2279,1,2026-05-08,Delivered
2280,53,2026-05-08,Delivered
2281,45,2026-05-08,Cancelled
2282,84,2026-05-08,Delivered
2283,76,2026-05-08,Delivered
2284,17,2026-05-08,Delivered
2285,40,2026-05-09,Delivered
2286,90,2026-05-09,Delivered
2287,83,2026-05-09,Delivered
2288,69,2026-05-09,Delivered
2289,51,2026-05-09,Delivered
2290,8,2026-05-09,Delivered
2291,31,2026-05-09,Delivered
2292,46,2026-05-09,Delivered
2293,7,2026-05-09,Delivered
2294,17,2026-05-10,Delivered
2295,39,2026-05-10,Delivered
2296,28,2026-05-10,Delivered
2297,38,2026-05-10,Delivered
2298,40,2026-05-10,Delivered
2299,44,2026-05-10,Delivered
2300,1,2026-05-10,Delivered
2301,38,2026-05-11,Delivered
2302,33,2026-05-11,Delivered
2303,45,2026-05-11,Delivered
2304,8,2026-05-11,Delivered
2305,12,2026-05-11,Delivered
2306,29,2026-05-11,Delivered
2307,43,2026-05-11,Delivered
2308,58,2026-05-11,Delivered
2309,20,2026-05-11,Delivered
2310,57,2026-05-11,Delivered
2311,12,2026-05-11,Delivered
2312,84,2026-05-11,Delivered
2313,16,2026-05-12,Delivered
2314,83,2026-05-12,Delivered
2315,46,2026-05-12,Delivered
2316,2,2026-05-12,Delivered
2317,31,2026-05-12,Delivered
2318,80,2026-05-12,Delivered
2319,69,2026-05-12,Delivered
2320,33,2026-05-12,Delivered
2321,69,2026-05-12,Delivered
2322,11,2026-05-12,Delivered
2323,16,2026-05-13,Delivered
2324,24,2026-05-13,Delivered
2325,82,2026-05-13,Delivered
2326,20,2026-05-13,Delivered
2327,35,2026-05-13,Delivered
2328,9,2026-05-13,Delivered
2329,61,2026-05-13,Delivered
2330,38,2026-05-13,Delivered
2331,12,2026-05-13,Delivered
2332,75,2026-05-13,Delivered
2333,28,2026-05-13,Delivered
2334,39,2026-05-14,Delivered
2335,73,2026-05-14,Delivered
2336,81,2026-05-14,Delivered
2337,13,2026-05-14,Delivered
2338,87,2026-05-14,Delivered
2339,4,2026-05-14,Delivered
2340,28,2026-05-14,Delivered
2341,84,2026-05-14,Delivered
2342,7,2026-05-14,Delivered
2343,48,2026-05-14,Delivered
2344,85,2026-05-15,Delivered
2345,78,2026-05-15,Delivered
2346,23,2026-05-15,Delivered
2347,42,2026-05-15,Delivered
2348,87,2026-05-15,Delivered
2349,88,2026-05-15,Delivered
2350,6,2026-05-15,Delivered
2351,42,2026-05-15,Delivered
2352,83,2026-05-15,Delivered
2353,76,2026-05-15,Delivered
2354,5,2026-05-15,Delivered
2355,86,2026-05-15,Delivered
2356,50,2026-05-15,Delivered
2357,15,2026-05-16,Delivered
2358,50,2026-05-16,Delivered
2359,3,2026-05-16,Delivered
2360,71,2026-05-16,Delivered
2361,3,2026-05-16,Delivered
2362,23,2026-05-16,Delivered
2363,45,2026-05-16,Delivered
2364,34,2026-05-16,Delivered
2365,14,2026-05-16,Delivered
2366,47,2026-05-16,Delivered
2367,24,2026-05-16,Delivered
2368,18,2026-05-17,Delivered
2369,90,2026-05-17,Delivered
2370,38,2026-05-17,Delivered
2371,64,2026-05-17,Delivered
2372,19,2026-05-17,Delivered
2373,39,2026-05-17,Delivered
2374,16,2026-05-17,Delivered
2375,67,2026-05-17,Delivered
2376,37,2026-05-17,Delivered
2377,9,2026-05-17,Delivered
2378,52,2026-05-18,Delivered
2379,63,2026-05-18,Delivered
2380,32,2026-05-18,Delivered
2381,43,2026-05-18,Delivered
2382,57,2026-05-18,Delivered
2383,14,2026-05-18,Delivered
2384,47,2026-05-18,Delivered
2385,52,2026-05-18,Cancelled
2386,88,2026-05-19,Delivered
2387,48,2026-05-19,Delivered
2388,23,2026-05-19,Delivered
2389,35,2026-05-19,Delivered
2390,73,2026-05-19,Delivered
2391,46,2026-05-19,Delivered
2392,6,2026-05-19,Delivered
2393,22,2026-05-19,Delivered
2394,47,2026-05-20,Delivered
2395,34,2026-05-20,Delivered
2396,8,2026-05-20,Delivered
2397,55,2026-05-20,Delivered
2398,24,2026-05-21,Delivered
2399,5,2026-05-21,Delivered
2400,24,2026-05-21,Delivered
2401,78,2026-05-21,Delivered
2402,52,2026-05-21,Delivered
2403,72,2026-05-21,Delivered
2404,15,2026-05-21,Delivered
2405,48,2026-05-21,Delivered
2406,1,2026-05-21,Delivered
2407,37,2026-05-22,Delivered
2408,64,2026-05-22,Delivered
2409,86,2026-05-22,Delivered
2410,57,2026-05-22,Delivered
2411,18,2026-05-22,Delivered
2412,24,2026-05-22,Delivered
2413,42,2026-05-22,Delivered
2414,42,2026-05-22,Delivered
2415,28,2026-05-22,Delivered
2416,47,2026-05-22,Delivered
2417,59,2026-05-22,Delivered
2418,88,2026-05-23,Delivered
2419,38,2026-05-23,Delivered
2420,35,2026-05-23,Delivered
2421,25,2026-05-23,Delivered
2422,76,2026-05-23,Delivered
2423,38,2026-05-23,Delivered
2424,34,2026-05-24,Delivered
2425,19,2026-05-24,Delivered
2426,66,2026-05-24,Delivered
2427,13,2026-05-24,Delivered
2428,55,2026-05-24,Delivered
2429,11,2026-05-24,Delivered
2430,68,2026-05-24,Delivered
2431,26,2026-05-25,Delivered
2432,34,2026-05-25,Delivered
2433,14,2026-05-25,Delivered
2434,45,2026-05-25,Delivered
2435,43,2026-05-25,Delivered
2436,40,2026-05-25,Delivered
2437,66,2026-05-25,Delivered
2438,82,2026-05-25,Delivered
2439,69,2026-05-26,Delivered
2440,79,2026-05-26,Delivered
2441,60,2026-05-26,Delivered
2442,60,2026-05-26,Delivered
2443,58,2026-05-26,Delivered
2444,37,2026-05-26,Delivered
2445,9,2026-05-26,Delivered
2446,89,2026-05-26,Delivered
2447,31,2026-05-26,Delivered
2448,32,2026-05-27,Delivered
2449,12,2026-05-27,Delivered
2450,82,2026-05-27,Delivered
2451,59,2026-05-27,Delivered
2452,73,2026-05-27,Delivered
2453,8,2026-05-27,Delivered
2454,86,2026-05-27,Delivered
2455,25,2026-05-27,Delivered
2456,19,2026-05-27,Delivered
2457,84,2026-05-28,Delivered
2458,82,2026-05-28,Delivered
2459,51,2026-05-28,Delivered
2460,89,2026-05-28,Delivered
2461,89,2026-05-28,Delivered
2462,74,2026-05-28,Delivered
2463,17,2026-05-28,Delivered
2464,84,2026-05-28,Delivered
2465,23,2026-05-28,Delivered
2466,51,2026-05-28,Delivered
2467,57,2026-05-29,Delivered
2468,85,2026-05-29,Delivered
2469,79,2026-05-29,Delivered
2470,1,2026-05-29,Delivered
2471,72,2026-05-30,Delivered
2472,13,2026-05-30,Delivered
2473,72,2026-05-30,Delivered
2474,9,2026-05-30,Delivered
2475,1,2026-05-30,Delivered
2476,55,2026-05-30,Delivered
2477,42,2026-05-30,Delivered
2478,35,2026-05-30,Delivered
2479,81,2026-05-30,Delivered
2480,27,2026-05-31,Delivered
2481,72,2026-05-31,Delivered
2482,75,2026-05-31,Delivered
2483,68,2026-05-31,Delivered
2484,80,2026-05-31,Delivered
2485,82,2026-05-31,Delivered
2486,68,2026-05-31,Delivered
2487,86,2026-05-31,Delivered
2488,78,2026-05-31,Delivered
2489,19,2026-06-01,Delivered
2490,66,2026-06-01,Delivered
2491,76,2026-06-01,Delivered
2492,16,2026-06-01,Delivered
2493,22,2026-06-01,Delivered
2494,63,2026-06-01,Delivered
2495,35,2026-06-01,Delivered
2496,74,2026-06-01,Delivered
2497,75,2026-06-01,Delivered
2498,38,2026-06-02,Delivered
2499,73,2026-06-02,Delivered
2500,67,2026-06-02,Delivered
2501,72,2026-06-02,Delivered
2502,78,2026-06-02,Delivered
2503,20,2026-06-02,Delivered
2504,61,2026-06-02,Delivered
2505,45,2026-06-02,Delivered
2506,48,2026-06-03,Delivered
2507,23,2026-06-03,Delivered
2508,73,2026-06-03,Delivered
2509,72,2026-06-03,Delivered
2510,41,2026-06-03,Delivered
2511,73,2026-06-03,Delivered
2512,59,2026-06-03,Delivered
2513,22,2026-06-03,Delivered
2514,77,2026-06-04,Delivered
2515,38,2026-06-04,Delivered
2516,14,2026-06-04,Delivered
2517,86,2026-06-04,Delivered
2518,69,2026-06-04,Delivered
2519,47,2026-06-04,Delivered
2520,25,2026-06-04,Delivered
2521,23,2026-06-04,Delivered
2522,56,2026-06-04,Delivered
2523,37,2026-06-04,Delivered
2524,43,2026-06-04,Delivered
2525,78,2026-06-05,Delivered
2526,29,2026-06-05,Delivered
2527,24,2026-06-05,Delivered
2528,71,2026-06-05,Delivered
2529,29,2026-06-05,Delivered
2530,83,2026-06-05,Delivered
2531,33,2026-06-05,Delivered
2532,66,2026-06-05,Delivered
2533,78,2026-06-06,Delivered
2534,14,2026-06-06,Delivered
2535,10,2026-06-06,Delivered
2536,80,2026-06-06,Delivered
2537,68,2026-06-06,Delivered
2538,59,2026-06-06,Delivered
2539,58,2026-06-06,Cancelled
2540,89,2026-06-06,Delivered
2541,59,2026-06-06,Delivered
2542,15,2026-06-06,Delivered
2543,10,2026-06-06,Delivered
2544,62,2026-06-06,Delivered
2545,23,2026-06-07,Delivered
2546,58,2026-06-07,Delivered
2547,67,2026-06-07,Cancelled
2548,22,2026-06-07,Delivered
2549,64,2026-06-07,Delivered
2550,60,2026-06-07,Delivered
2551,39,2026-06-07,Delivered
2552,84,2026-06-07,Delivered
2553,33,2026-06-07,Delivered
2554,60,2026-06-07,Delivered
2555,17,2026-06-07,Delivered
2556,54,2026-06-08,Delivered
2557,43,2026-06-08,Delivered
2558,39,2026-06-08,Delivered
2559,10,2026-06-08,Delivered
2560,49,2026-06-08,Delivered
2561,52,2026-06-08,Delivered
2562,78,2026-06-08,Delivered
2563,18,2026-06-08,Delivered
2564,71,2026-06-08,Delivered
2565,29,2026-06-08,Delivered
2566,61,2026-06-09,Delivered
2567,29,2026-06-09,Delivered
2568,65,2026-06-09,Delivered
2569,37,2026-06-09,Delivered
2570,76,2026-06-09,Delivered
2571,79,2026-06-09,Delivered
2572,70,2026-06-09,Delivered
2573,77,2026-06-09,Delivered
2574,16,2026-06-10,Delivered
2575,38,2026-06-10,Delivered
2576,59,2026-06-10,Delivered
2577,36,2026-06-10,Delivered
2578,1,2026-06-10,Delivered
2579,51,2026-06-10,Delivered
2580,70,2026-06-10,Delivered
2581,11,2026-06-10,Delivered
2582,6,2026-06-10,Delivered
2583,85,2026-06-10,Delivered
2584,66,2026-06-10,Delivered
2585,58,2026-06-11,Delivered
2586,29,2026-06-11,Delivered
2587,8,2026-06-11,Delivered
2588,54,2026-06-11,Delivered
2589,26,2026-06-11,Cancelled
2590,66,2026-06-11,Delivered
2591,79,2026-06-12,Delivered
2592,5,2026-06-12,Delivered
2593,52,2026-06-12,Delivered
2594,63,2026-06-12,Delivered
2595,44,2026-06-12,Delivered
2596,25,2026-06-13,Delivered
2597,76,2026-06-13,Delivered
2598,66,2026-06-13,Delivered
2599,44,2026-06-13,Delivered
2600,29,2026-06-13,Delivered
2601,48,2026-06-13,Delivered
2602,31,2026-06-13,Delivered
2603,16,2026-06-13,Delivered
2604,63,2026-06-14,Delivered
2605,90,2026-06-14,Delivered
2606,45,2026-06-14,Delivered
2607,49,2026-06-14,Delivered
2608,51,2026-06-14,Delivered
2609,34,2026-06-14,Delivered
2610,29,2026-06-15,Delivered
2611,7,2026-06-15,Delivered
2612,82,2026-06-15,Delivered
2613,26,2026-06-15,Delivered
2614,43,2026-06-15,Delivered
2615,52,2026-06-15,Delivered
2616,62,2026-06-15,Delivered
2617,70,2026-06-15,Delivered
2618,29,2026-06-15,Delivered
2619,12,2026-06-16,Delivered
2620,48,2026-06-16,Cancelled
2621,63,2026-06-16,Delivered
2622,24,2026-06-16,Delivered
2623,44,2026-06-16,Delivered
2624,35,2026-06-16,Delivered
2625,27,2026-06-16,Cancelled
2626,19,2026-06-16,Delivered
2627,34,2026-06-17,Delivered
2628,41,2026-06-17,Delivered
2629,55,2026-06-17,Delivered
2630,19,2026-06-17,Delivered
2631,78,2026-06-17,Delivered
2632,27,2026-06-17,Delivered
2633,49,2026-06-17,Delivered
2634,75,2026-06-17,Delivered
2635,20,2026-06-17,Delivered
2636,57,2026-06-17,Delivered
2637,74,2026-06-18,Delivered
2638,64,2026-06-18,Delivered
2639,75,2026-06-18,Delivered
2640,85,2026-06-18,Delivered
2641,80,2026-06-18,Delivered
2642,65,2026-06-19,Delivered
2643,51,2026-06-19,Delivered
2644,90,2026-06-19,Delivered
2645,61,2026-06-19,Delivered
2646,87,2026-06-19,Delivered
2647,52,2026-06-19,Delivered
2648,46,2026-06-19,Delivered
2649,84,2026-06-19,Delivered
2650,42,2026-06-19,Cancelled
2651,56,2026-06-19,Delivered
2652,9,2026-06-19,Delivered
2653,51,2026-06-20,Dispatched
2654,7,2026-06-20,Delivered
2655,68,2026-06-20,Delivered
2656,80,2026-06-20,Delivered
2657,49,2026-06-20,Delivered
2658,51,2026-06-20,Delivered
2659,81,2026-06-20,Delivered
2660,90,2026-06-20,Delivered
2661,29,2026-06-20,Delivered
2662,4,2026-06-21,Dispatched
2663,11,2026-06-21,Dispatched
2664,31,2026-06-21,Delivered
2665,26,2026-06-21,Delivered
2666,69,2026-06-21,Delivered
2667,12,2026-06-22,Delivered
2668,36,2026-06-22,Delivered
2669,12,2026-06-22,Delivered
2670,71,2026-06-22,Delivered
2671,46,2026-06-22,Delivered
2672,55,2026-06-22,Dispatched
2673,71,2026-06-22,Dispatched
2674,81,2026-06-22,Delivered
2675,38,2026-06-22,Delivered
2676,49,2026-06-23,Dispatched
2677,86,2026-06-23,Delivered
2678,58,2026-06-23,Delivered
2679,74,2026-06-23,Delivered
2680,77,2026-06-23,Delivered
2681,71,2026-06-23,Delivered
2682,42,2026-06-23,Delivered
2683,87,2026-06-23,Dispatched
2684,1,2026-06-24,Dispatched
2685,15,2026-06-24,Delivered
2686,25,2026-06-24,Delivered
2687,67,2026-06-24,Delivered
2688,78,2026-06-24,Dispatched
2689,3,2026-06-24,Delivered
2690,11,2026-06-24,Delivered
2691,29,2026-06-24,Dispatched
2692,27,2026-06-24,Delivered
2693,73,2026-06-24,Dispatched
2694,4,2026-06-24,Dispatched
2695,79,2026-06-25,Dispatched
2696,90,2026-06-25,Delivered
2697,47,2026-06-25,Dispatched
2698,36,2026-06-25,Dispatched
2699,87,2026-06-25,Dispatched
2700,22,2026-06-25,Dispatched
2701,66,2026-06-25,Dispatched
2702,55,2026-06-26,Dispatched
2703,44,2026-06-26,Dispatched
2704,3,2026-06-26,Dispatched
2705,70,2026-06-26,Delivered
2706,27,2026-06-26,Dispatched
2707,34,2026-06-26,Delivered
2708,34,2026-06-26,Dispatched
2709,64,2026-06-26,Dispatched
2710,69,2026-06-26,Dispatched
2711,27,2026-06-27,Dispatched
2712,23,2026-06-27,Dispatched
2713,61,2026-06-27,Dispatched
2714,69,2026-06-27,Dispatched
2715,73,2026-06-27,Dispatched
2716,35,2026-06-27,Delivered
2717,42,2026-06-27,Dispatched
2718,65,2026-06-27,Delivered
2719,27,2026-06-28,Dispatched
2720,85,2026-06-28,Dispatched
2721,58,2026-06-28,Dispatched
2722,43,2026-06-28,Dispatched
2723,14,2026-06-28,Dispatched
2724,14,2026-06-28,Dispatched
2725,21,2026-06-29,Dispatched
2726,23,2026-06-29,Dispatched
2727,18,2026-06-29,Dispatched
2728,65,2026-06-29,Dispatched
2729,21,2026-06-29,Dispatched
2730,78,2026-06-29,Dispatched
2731,27,2026-06-30,Dispatched
2732,45,2026-06-30,Dispatched
2733,44,2026-06-30,Dispatched
2734,30,2026-06-30,Dispatched
2735,76,2026-06-30,Dispatched
2736,26,2026-06-30,Dispatched
2737,66,2026-06-30,Dispatched
2738,58,2026-06-30,Dispatched
2739,83,2026-06-30,Dispatched
2740,12,2026-06-30,Dispatched
2741,27,2026-06-30,Dispatched
2742,25,2026-06-30,Dispatched
