ticket_id,order_id,customer_id,issue_type,priority,opened_at,resolved_at,status
1,13,73,Late Delivery,Medium,2025-07-17 09:00:00,2025-07-21 04:47:08.804014,Open
2,14,26,Late Delivery,Medium,2025-07-10 04:00:00,2025-07-11 05:53:36.651282,Resolved
3,38,12,Late Delivery,Low,2025-07-18 03:00:00,2025-07-20 02:46:43.385182,Resolved
4,39,41,Late Delivery,Low,2025-07-14 01:00:00,2025-07-16 13:38:46.054484,Resolved
5,66,58,Late Delivery,Medium,2025-07-20 11:00:00,2025-07-20 16:14:01.083368,Open
6,67,39,Late Delivery,Medium,2025-07-20 22:00:00,,Resolved
7,70,70,Late Delivery,High,2025-07-21 11:00:00,2025-07-23 11:05:47.637388,Resolved
8,82,8,Late Delivery,Medium,2025-07-23 02:00:00,2025-07-26 02:54:36.307483,Resolved
9,93,22,Late Delivery,High,2025-07-22 06:00:00,2025-07-25 10:41:26.617115,Resolved
10,111,48,Late Delivery,High,2025-07-28 04:00:00,2025-07-28 08:50:32.499717,Resolved
11,118,23,Late Delivery,Medium,2025-07-31 18:00:00,,Resolved
12,125,61,Late Delivery,High,2025-08-01 11:00:00,,Resolved
13,126,20,Late Delivery,High,2025-08-01 06:00:00,2025-08-04 17:17:24.021295,Resolved
14,134,89,Late Delivery,Medium,2025-08-02 06:00:00,,Resolved
15,145,36,Late Delivery,Medium,2025-08-05 03:00:00,2025-08-05 13:40:08.022447,Resolved
16,147,85,Late Delivery,Low,2025-07-31 03:00:00,2025-07-31 10:01:12.648128,Resolved
17,192,37,Late Delivery,High,2025-08-05 23:00:00,2025-08-07 03:34:15.631525,Resolved
18,194,56,Late Delivery,Low,2025-08-09 00:00:00,2025-08-09 06:02:08.133879,Open
19,196,31,Late Delivery,Medium,2025-08-11 19:00:00,2025-08-15 14:44:11.179729,Open
20,212,20,Late Delivery,High,2025-08-09 00:00:00,2025-08-11 16:21:36.913948,Open
21,216,36,Late Delivery,Low,2025-08-13 13:00:00,2025-08-17 06:52:03.936377,Resolved
22,226,50,Late Delivery,Low,2025-08-15 00:00:00,2025-08-17 10:36:28.547235,Resolved
23,237,29,Late Delivery,Low,2025-08-17 17:00:00,2025-08-19 10:24:18.457888,Resolved
24,253,23,Late Delivery,High,2025-08-17 08:00:00,2025-08-18 22:33:45.374227,Resolved
25,264,87,Late Delivery,High,2025-08-25 21:00:00,2025-08-29 00:23:10.792209,Resolved
26,270,25,Late Delivery,Medium,2025-08-24 23:00:00,,Resolved
27,273,82,Late Delivery,Medium,2025-08-25 05:00:00,2025-08-26 02:28:05.578526,Resolved
28,284,66,Late Delivery,Medium,2025-08-29 11:00:00,2025-08-30 07:28:51.662703,Resolved
29,293,40,Late Delivery,Medium,2025-08-22 06:00:00,2025-08-26 03:11:21.560485,Resolved
30,299,60,Late Delivery,Low,2025-08-28 08:00:00,2025-08-30 10:58:12.540009,Resolved
31,314,69,Late Delivery,Low,2025-09-01 13:00:00,2025-09-02 15:11:02.626230,Open
32,321,4,Late Delivery,High,2025-09-04 05:00:00,2025-09-07 12:09:50.471386,Open
33,335,24,Late Delivery,Medium,2025-08-31 16:00:00,2025-09-01 00:44:55.781295,Resolved
34,337,18,Late Delivery,Medium,2025-08-31 07:00:00,2025-09-02 08:32:01.751540,Resolved
35,341,40,Late Delivery,Medium,2025-08-29 22:00:00,2025-08-30 18:39:34.927419,Resolved
36,350,6,Late Delivery,Medium,2025-09-04 00:00:00,,Resolved
37,365,34,Late Delivery,Medium,2025-09-05 01:00:00,,Resolved
38,371,15,Late Delivery,Medium,2025-09-10 02:00:00,2025-09-12 18:42:47.097175,Resolved
39,374,52,Late Delivery,High,2025-09-09 02:00:00,2025-09-09 16:53:55.231836,Resolved
40,377,64,Late Delivery,Low,2025-09-08 23:00:00,2025-09-11 17:54:15.651296,Resolved
41,393,8,Late Delivery,High,2025-09-13 02:00:00,2025-09-16 05:25:16.087347,Resolved
42,395,67,Late Delivery,High,2025-09-07 12:00:00,2025-09-11 08:57:15.667939,Resolved
43,408,71,Late Delivery,Low,2025-09-10 01:00:00,2025-09-11 01:26:35.512784,Resolved
44,416,76,Late Delivery,Medium,2025-09-14 15:00:00,,Resolved
45,418,35,Late Delivery,High,2025-09-16 00:00:00,2025-09-17 01:21:17.857012,Resolved
46,428,69,Late Delivery,Low,2025-09-15 12:00:00,,Resolved
47,431,11,Late Delivery,Low,2025-09-19 03:00:00,,Resolved
48,437,61,Late Delivery,Medium,2025-09-16 15:00:00,2025-09-18 11:58:02.143529,Resolved
49,453,66,Late Delivery,Low,2025-09-21 06:00:00,2025-09-23 04:05:37.626704,Resolved
50,469,11,Late Delivery,High,2025-09-24 00:00:00,2025-09-25 05:25:58.660798,Open
51,470,17,Late Delivery,Medium,2025-09-21 08:00:00,2025-09-25 05:02:12.252641,Resolved
52,473,66,Late Delivery,Medium,2025-09-21 13:00:00,,Resolved
53,476,64,Late Delivery,Low,2025-09-25 22:00:00,2025-09-28 13:42:17.048344,Resolved
54,478,73,Late Delivery,Low,2025-09-21 16:00:00,,Resolved
55,485,89,Late Delivery,Medium,2025-09-22 23:00:00,2025-09-25 01:49:02.209808,Resolved
56,498,10,Late Delivery,Low,2025-09-21 16:00:00,2025-09-23 11:55:31.763228,Resolved
57,499,68,Late Delivery,Medium,2025-09-24 11:00:00,2025-09-24 20:24:02.188117,Resolved
58,515,88,Late Delivery,Low,2025-09-30 20:00:00,2025-10-02 21:30:26.099737,Resolved
59,521,81,Late Delivery,High,2025-09-28 11:00:00,2025-09-30 06:22:42.752126,Resolved
60,531,50,Late Delivery,Medium,2025-10-03 06:00:00,2025-10-04 21:20:44.086992,Resolved
61,547,19,Late Delivery,Low,2025-09-30 16:00:00,,Open
62,563,53,Late Delivery,Medium,2025-10-06 08:00:00,,Resolved
63,577,56,Late Delivery,Medium,2025-10-09 18:00:00,2025-10-11 09:05:17.092526,Resolved
64,578,82,Late Delivery,Medium,2025-10-08 22:00:00,2025-10-10 09:34:52.700936,Resolved
65,580,31,Late Delivery,Medium,2025-10-13 23:00:00,2025-10-14 11:32:13.701643,Resolved
66,582,55,Late Delivery,Medium,2025-10-08 14:00:00,2025-10-10 23:34:16.800264,Resolved
67,583,30,Late Delivery,High,2025-10-11 20:00:00,2025-10-12 11:51:23.041292,Resolved
68,584,71,Late Delivery,High,2025-10-08 00:00:00,2025-10-08 22:02:53.469001,Resolved
69,589,10,Late Delivery,Medium,2025-10-09 08:00:00,2025-10-12 13:17:16.262005,Resolved
70,594,54,Late Delivery,Medium,2025-10-15 23:00:00,2025-10-17 08:14:08.980451,Resolved
71,596,14,Late Delivery,Low,2025-10-14 00:00:00,2025-10-15 19:28:59.746606,Resolved
72,643,57,Late Delivery,Medium,2025-10-13 08:00:00,2025-10-14 21:02:41.277553,Open
73,644,49,Late Delivery,Medium,2025-10-12 11:00:00,2025-10-15 14:46:53.839234,Resolved
74,648,18,Late Delivery,Low,2025-10-19 16:00:00,2025-10-21 12:50:32.229276,Open
75,651,8,Late Delivery,High,2025-10-21 10:00:00,2025-10-22 08:15:17.533357,Resolved
76,656,46,Late Delivery,Medium,2025-10-12 23:00:00,2025-10-13 23:17:45.158429,Resolved
77,680,72,Late Delivery,Low,2025-10-19 07:00:00,2025-10-23 04:04:54.606380,Resolved
78,688,2,Late Delivery,Medium,2025-10-20 05:00:00,2025-10-21 21:31:14.949428,Resolved
79,690,27,Late Delivery,High,2025-10-21 17:00:00,,Resolved
80,710,63,Late Delivery,Low,2025-10-21 18:00:00,2025-10-23 20:39:36.619578,Resolved
81,742,51,Late Delivery,Medium,2025-10-30 22:00:00,2025-11-02 20:34:16.776920,Resolved
82,755,27,Late Delivery,Medium,2025-10-31 02:00:00,2025-11-01 07:36:14.267448,Resolved
83,758,6,Late Delivery,High,2025-10-29 08:00:00,2025-10-31 05:03:51.129386,Resolved
84,776,22,Late Delivery,High,2025-11-02 06:00:00,2025-11-02 20:51:26.677806,Open
85,793,53,Late Delivery,Low,2025-11-06 05:00:00,2025-11-06 20:26:31.885570,Resolved
86,800,20,Late Delivery,High,2025-11-04 23:00:00,2025-11-06 21:24:37.928776,Resolved
87,803,4,Late Delivery,Medium,2025-11-08 15:00:00,2025-11-10 11:57:14.394951,Resolved
88,810,84,Late Delivery,Low,2025-11-04 15:00:00,2025-11-07 10:37:56.278066,Resolved
89,811,37,Late Delivery,High,2025-11-05 14:00:00,2025-11-09 02:33:42.101930,Resolved
90,814,69,Late Delivery,Low,2025-11-03 03:00:00,2025-11-06 06:03:54.125553,Open
91,819,31,Late Delivery,Medium,2025-11-04 23:00:00,2025-11-06 15:56:42.436963,Resolved
92,821,7,Late Delivery,Medium,2025-11-09 12:00:00,2025-11-12 12:15:44.595630,Resolved
93,822,53,Late Delivery,Low,2025-11-02 16:00:00,,Open
94,829,24,Late Delivery,Medium,2025-11-08 09:00:00,2025-11-12 06:25:43.740330,Open
95,842,84,Late Delivery,High,2025-11-08 23:00:00,2025-11-12 02:38:08.790509,Resolved
96,854,61,Late Delivery,Medium,2025-11-09 22:00:00,2025-11-10 21:20:33.754530,Resolved
97,860,87,Late Delivery,Medium,2025-11-09 13:00:00,2025-11-11 06:46:12.378215,Resolved
98,863,52,Late Delivery,High,2025-11-13 03:00:00,2025-11-16 04:44:02.476639,Open
99,866,26,Late Delivery,Medium,2025-11-10 14:00:00,2025-11-11 15:12:16.278543,Resolved
100,882,33,Late Delivery,Medium,2025-11-14 12:00:00,2025-11-14 22:21:42.918859,Resolved
101,896,14,Late Delivery,Medium,2025-11-19 13:00:00,2025-11-22 17:42:10.422215,Resolved
102,910,61,Late Delivery,Low,2025-11-16 11:00:00,2025-11-19 10:13:02.181198,Open
103,921,34,Late Delivery,Medium,2025-11-19 02:00:00,2025-11-22 03:14:48.721993,Resolved
104,947,50,Late Delivery,High,2025-11-23 23:00:00,2025-11-26 12:44:57.719780,Resolved
105,959,50,Late Delivery,Medium,2025-11-23 02:00:00,2025-11-23 11:07:23.466256,Resolved
106,970,40,Late Delivery,Medium,2025-11-25 13:00:00,2025-11-26 02:37:12.412975,Resolved
107,983,59,Late Delivery,Medium,2025-11-29 00:00:00,2025-12-02 06:41:03.972353,Resolved
108,984,43,Late Delivery,High,2025-11-26 08:00:00,,Resolved
109,985,5,Late Delivery,Medium,2025-11-21 21:00:00,,Resolved
110,1002,76,Late Delivery,High,2025-11-28 07:00:00,,Resolved
111,1009,42,Late Delivery,Medium,2025-11-25 20:00:00,2025-11-28 15:21:16.107971,Resolved
112,1019,90,Late Delivery,Medium,2025-11-27 20:00:00,2025-11-29 16:03:25.121741,Resolved
113,1038,34,Late Delivery,Medium,2025-12-02 16:00:00,2025-12-05 13:21:11.614717,Resolved
114,1054,12,Late Delivery,Low,2025-12-08 10:00:00,2025-12-12 00:12:33.977347,Resolved
115,1057,68,Late Delivery,Low,2025-12-06 02:00:00,,Resolved
116,1060,29,Late Delivery,Low,2025-12-03 13:00:00,2025-12-07 06:06:50.967959,Resolved
117,1061,14,Late Delivery,High,2025-12-06 20:00:00,2025-12-07 15:50:15.620391,Resolved
118,1063,22,Late Delivery,Low,2025-12-06 20:00:00,,Open
119,1073,23,Late Delivery,Medium,2025-12-04 04:00:00,2025-12-07 10:23:52.224967,Resolved
120,1089,23,Late Delivery,Low,2025-12-07 14:00:00,,Resolved
121,1092,54,Late Delivery,Medium,2025-12-11 18:00:00,2025-12-13 21:22:14.636997,Resolved
122,1096,65,Late Delivery,Medium,2025-12-07 06:00:00,2025-12-08 11:46:43.405838,Resolved
123,1099,11,Late Delivery,Medium,2025-12-12 06:00:00,2025-12-15 20:16:05.688520,Resolved
124,1104,5,Late Delivery,Medium,2025-12-10 18:00:00,2025-12-11 19:46:24.053328,Resolved
125,1122,31,Late Delivery,High,2025-12-16 16:00:00,2025-12-18 09:49:47.629996,Resolved
126,1123,54,Late Delivery,High,2025-12-13 11:00:00,2025-12-15 19:54:28.949873,Resolved
127,1125,40,Late Delivery,High,2025-12-12 10:00:00,2025-12-14 21:53:47.784043,Resolved
128,1131,53,Late Delivery,High,2025-12-16 00:00:00,2025-12-19 20:25:52.061416,Resolved
129,1132,23,Late Delivery,High,2025-12-18 06:00:00,2025-12-22 04:14:57.792334,Resolved
130,1143,72,Late Delivery,Low,2025-12-16 11:00:00,2025-12-18 04:22:06.462448,Resolved
131,1151,29,Late Delivery,High,2025-12-21 22:00:00,2025-12-24 23:49:19.774492,Resolved
132,1165,79,Late Delivery,High,2025-12-18 23:00:00,2025-12-21 07:04:12.418234,Resolved
133,1178,24,Late Delivery,Medium,2025-12-24 20:00:00,2025-12-26 14:36:14.017128,Resolved
134,1184,72,Late Delivery,Medium,2025-12-21 08:00:00,2025-12-23 16:57:14.347005,Resolved
135,1210,45,Late Delivery,Medium,2025-12-25 12:00:00,2025-12-26 03:48:00.215017,Resolved
136,1224,39,Late Delivery,Medium,2025-12-23 12:00:00,2025-12-24 10:37:09.769793,Resolved
137,1242,81,Late Delivery,Medium,2025-12-29 18:00:00,2025-12-29 22:30:41.516396,Resolved
138,1276,20,Late Delivery,Medium,2026-01-01 00:00:00,2026-01-02 10:56:52.363148,Resolved
139,1278,7,Late Delivery,Medium,2026-01-04 07:00:00,2026-01-06 14:26:32.275720,Resolved
140,1303,12,Late Delivery,Medium,2026-01-03 02:00:00,2026-01-04 20:30:13.804852,Resolved
141,1328,63,Late Delivery,Medium,2026-01-10 12:00:00,2026-01-12 12:00:42.826381,Resolved
142,1343,50,Late Delivery,Low,2026-01-09 09:00:00,2026-01-09 19:51:33.816623,Resolved
143,1347,61,Late Delivery,Medium,2026-01-15 19:00:00,2026-01-16 13:43:22.727021,Resolved
144,1353,67,Late Delivery,Medium,2026-01-10 23:00:00,2026-01-14 11:39:36.080443,Open
145,1357,7,Late Delivery,Medium,2026-01-13 06:00:00,2026-01-16 11:59:53.076405,Resolved
146,1360,59,Late Delivery,Medium,2026-01-14 06:00:00,2026-01-17 04:44:34.830666,Resolved
147,1380,62,Late Delivery,Medium,2026-01-17 08:00:00,2026-01-19 17:59:50.782086,Resolved
148,1385,2,Late Delivery,Medium,2026-01-19 22:00:00,2026-01-22 23:31:48.250205,Open
149,1397,18,Late Delivery,High,2026-01-17 07:00:00,2026-01-18 09:48:06.789460,Resolved
150,1434,15,Late Delivery,Medium,2026-01-26 09:00:00,2026-01-29 18:05:46.528775,Resolved
151,1443,36,Late Delivery,Medium,2026-01-27 17:00:00,2026-01-28 11:48:54.202996,Resolved
152,1454,73,Late Delivery,Low,2026-02-02 09:00:00,2026-02-04 06:58:38.805283,Resolved
153,1463,37,Late Delivery,Medium,2026-02-02 00:00:00,,Resolved
154,1479,64,Late Delivery,High,2026-02-04 12:00:00,2026-02-06 20:22:54.978918,Resolved
155,1481,82,Late Delivery,Low,2026-02-05 16:00:00,2026-02-09 01:51:19.330429,Resolved
156,1500,56,Late Delivery,Low,2026-02-07 03:00:00,2026-02-10 12:37:35.330714,Resolved
157,1507,3,Late Delivery,Medium,2026-02-05 21:00:00,2026-02-06 16:04:16.071954,Resolved
158,1510,59,Late Delivery,High,2026-02-04 04:00:00,2026-02-07 18:22:33.549796,Resolved
159,1520,26,Late Delivery,High,2026-02-13 05:00:00,2026-02-15 11:52:58.000316,Resolved
160,1524,84,Late Delivery,Medium,2026-02-12 06:00:00,2026-02-14 20:07:24.362291,Resolved
161,1542,37,Late Delivery,Medium,2026-02-13 00:00:00,2026-02-14 02:07:01.381982,Resolved
162,1609,54,Late Delivery,Low,2026-02-25 03:00:00,,Resolved
163,1615,8,Late Delivery,Medium,2026-02-25 04:00:00,2026-02-25 12:44:56.756535,Open
164,1616,49,Late Delivery,Medium,2026-02-24 22:00:00,2026-02-27 20:28:01.191747,Resolved
165,1623,58,Late Delivery,Medium,2026-02-24 11:00:00,2026-02-26 04:30:57.734857,Open
166,1643,14,Late Delivery,Low,2026-02-25 13:00:00,2026-02-28 08:33:36.961991,Resolved
167,1654,61,Late Delivery,Medium,2026-03-06 16:00:00,2026-03-09 06:47:58.930098,Open
168,1672,56,Late Delivery,High,2026-03-06 02:00:00,2026-03-08 22:32:40.522415,Open
169,1681,33,Late Delivery,Medium,2026-03-09 20:00:00,2026-03-11 10:39:25.361892,Resolved
170,1692,51,Late Delivery,High,2026-03-11 10:00:00,2026-03-15 09:22:33.663172,Resolved
171,1693,24,Late Delivery,Low,2026-03-12 16:00:00,2026-03-14 00:43:51.133033,Resolved
172,1703,17,Late Delivery,Medium,2026-03-10 06:00:00,2026-03-10 19:10:56.249055,Resolved
173,1706,8,Late Delivery,High,2026-03-18 00:00:00,2026-03-21 22:49:06.859171,Resolved
174,1728,17,Late Delivery,Medium,2026-03-16 15:00:00,2026-03-20 14:09:21.483609,Resolved
175,1737,38,Late Delivery,Medium,2026-03-17 21:00:00,2026-03-19 16:35:49.883561,Resolved
176,1742,84,Late Delivery,High,2026-03-15 22:00:00,2026-03-17 22:03:29.033000,Resolved
177,1751,42,Late Delivery,Medium,2026-03-18 05:00:00,2026-03-20 17:19:05.378064,Resolved
178,1762,20,Late Delivery,Low,2026-03-16 19:00:00,2026-03-17 06:52:46.332347,Resolved
179,1774,36,Late Delivery,Medium,2026-03-21 04:00:00,2026-03-22 08:02:01.308646,Resolved
180,1791,12,Late Delivery,Medium,2026-03-25 10:00:00,2026-03-27 03:45:23.809647,Resolved
181,1805,40,Late Delivery,High,2026-03-26 18:00:00,2026-03-27 10:00:05.992859,Open
182,1807,16,Late Delivery,High,2026-03-21 22:00:00,2026-03-23 16:00:08.578857,Resolved
183,1814,57,Late Delivery,Medium,2026-03-21 21:00:00,2026-03-24 13:13:41.425892,Resolved
184,1820,10,Late Delivery,Medium,2026-03-26 21:00:00,2026-03-28 15:52:35.006503,Resolved
185,1821,64,Late Delivery,Medium,2026-03-22 07:00:00,2026-03-25 02:34:29.240385,Open
186,1825,35,Late Delivery,Low,2026-03-31 00:00:00,2026-04-03 08:58:29.431624,Resolved
187,1838,59,Late Delivery,Low,2026-03-26 19:00:00,2026-03-30 08:42:34.040048,Resolved
188,1860,46,Late Delivery,High,2026-03-29 14:00:00,2026-03-30 21:12:12.808667,Resolved
189,1862,78,Late Delivery,Low,2026-04-02 13:00:00,2026-04-03 23:21:03.248009,Resolved
190,1867,21,Late Delivery,High,2026-03-30 11:00:00,2026-03-31 14:27:58.734931,Open
191,1875,35,Late Delivery,Medium,2026-04-04 22:00:00,,Resolved
192,1879,51,Late Delivery,High,2026-04-02 05:00:00,2026-04-04 14:57:01.963610,Resolved
193,1899,71,Late Delivery,Low,2026-04-06 18:00:00,,Resolved
194,1916,69,Late Delivery,Medium,2026-04-04 12:00:00,2026-04-06 17:39:14.286527,Resolved
195,1937,62,Late Delivery,Medium,2026-04-06 02:00:00,2026-04-08 14:10:24.869267,Resolved
196,1955,21,Late Delivery,Medium,2026-04-11 22:00:00,2026-04-15 15:01:20.337132,Resolved
197,1972,66,Late Delivery,Medium,2026-04-17 12:00:00,2026-04-20 00:27:07.208628,Resolved
198,1984,64,Late Delivery,Medium,2026-04-14 19:00:00,2026-04-15 18:36:39.975702,Resolved
199,1985,50,Late Delivery,Medium,2026-04-14 02:00:00,2026-04-17 06:18:08.679886,Resolved
200,1994,52,Late Delivery,High,2026-04-14 01:00:00,2026-04-16 20:53:00.502617,Resolved
201,2010,81,Late Delivery,Low,2026-04-18 04:00:00,,Resolved
202,2011,40,Late Delivery,High,2026-04-19 01:00:00,2026-04-20 18:38:56.386382,Open
203,2020,2,Late Delivery,Medium,2026-04-19 10:00:00,2026-04-19 22:49:56.347081,Resolved
204,2023,49,Late Delivery,Medium,2026-04-20 09:00:00,2026-04-24 04:33:38.284355,Resolved
205,2026,44,Late Delivery,Low,2026-04-18 14:00:00,2026-04-20 20:40:10.603701,Resolved
206,2049,47,Late Delivery,Medium,2026-04-19 22:00:00,2026-04-21 06:31:38.531367,Resolved
207,2055,1,Late Delivery,High,2026-04-23 10:00:00,2026-04-26 08:28:39.248790,Open
208,2058,34,Late Delivery,High,2026-04-26 08:00:00,2026-04-26 17:27:03.127203,Resolved
209,2062,46,Late Delivery,Medium,2026-04-28 04:00:00,2026-04-30 11:04:02.692925,Resolved
210,2064,67,Late Delivery,Low,2026-04-22 13:00:00,,Resolved
211,2096,73,Late Delivery,Medium,2026-04-28 08:00:00,2026-05-02 06:43:14.449284,Resolved
212,2100,76,Late Delivery,High,2026-04-29 03:00:00,2026-04-29 13:04:05.691784,Resolved
213,2102,51,Late Delivery,Low,2026-05-03 04:00:00,2026-05-06 21:23:09.357955,Open
214,2109,43,Late Delivery,Medium,2026-05-03 03:00:00,2026-05-04 15:03:29.302884,Resolved
215,2111,83,Late Delivery,Low,2026-04-28 05:00:00,2026-04-30 14:36:04.082792,Resolved
216,2135,33,Late Delivery,Medium,2026-05-05 23:00:00,2026-05-08 16:47:20.540186,Resolved
217,2137,82,Late Delivery,Medium,2026-05-01 20:00:00,2026-05-02 01:33:05.680791,Resolved
218,2152,68,Late Delivery,Low,2026-05-03 03:00:00,2026-05-05 09:35:06.970527,Resolved
219,2172,90,Late Delivery,Low,2026-05-09 20:00:00,2026-05-13 03:06:04.845586,Resolved
220,2188,76,Late Delivery,Medium,2026-05-13 11:00:00,2026-05-15 21:44:57.541474,Resolved
221,2192,59,Late Delivery,High,2026-05-13 11:00:00,2026-05-13 20:45:07.012763,Resolved
222,2193,22,Late Delivery,Medium,2026-05-07 01:00:00,2026-05-10 10:07:55.016739,Resolved
223,2197,78,Late Delivery,Low,2026-05-12 23:00:00,,Open
224,2208,87,Late Delivery,Medium,2026-05-14 09:00:00,2026-05-14 17:11:29.501588,Resolved
225,2222,69,Late Delivery,Medium,2026-05-13 10:00:00,2026-05-16 05:55:58.748052,Open
226,2226,6,Late Delivery,High,2026-05-14 18:00:00,2026-05-15 04:47:34.659749,Resolved
227,2239,17,Late Delivery,Medium,2026-05-11 09:00:00,2026-05-13 06:10:41.883635,Resolved
228,2240,34,Late Delivery,High,2026-05-18 17:00:00,2026-05-22 11:34:12.928356,Resolved
229,2241,90,Late Delivery,Low,2026-05-17 06:00:00,2026-05-17 13:39:22.973972,Open
230,2242,31,Late Delivery,High,2026-05-16 21:00:00,2026-05-20 03:40:19.175051,Open
231,2256,20,Late Delivery,Medium,2026-05-17 04:00:00,2026-05-19 23:59:05.819197,Resolved
232,2261,78,Late Delivery,Medium,2026-05-18 23:00:00,2026-05-19 08:40:44.914531,Resolved
233,2262,38,Late Delivery,Medium,2026-05-19 03:00:00,2026-05-21 20:45:16.373651,Resolved
234,2263,4,Late Delivery,Medium,2026-05-20 08:00:00,2026-05-21 12:35:21.033025,Resolved
235,2267,41,Late Delivery,Medium,2026-05-14 23:00:00,,Resolved
236,2297,38,Late Delivery,Medium,2026-05-20 22:00:00,2026-05-22 18:19:43.719328,Resolved
237,2300,1,Late Delivery,Medium,2026-05-21 13:00:00,2026-05-22 13:06:18.050152,Resolved
238,2314,83,Late Delivery,Medium,2026-05-26 17:00:00,2026-05-30 14:06:56.012092,Resolved
239,2315,46,Late Delivery,Medium,2026-05-22 09:00:00,2026-05-25 21:37:16.856564,Open
240,2335,73,Late Delivery,Medium,2026-05-26 12:00:00,,Resolved
241,2356,50,Late Delivery,Medium,2026-05-22 22:00:00,2026-05-23 15:23:58.940714,Resolved
242,2357,15,Late Delivery,High,2026-05-22 09:00:00,2026-05-26 02:41:26.460603,Resolved
243,2361,3,Late Delivery,Medium,2026-05-27 11:00:00,2026-05-28 12:17:30.708189,Resolved
244,2363,45,Late Delivery,Medium,2026-05-28 09:00:00,2026-05-28 21:50:04.511847,Resolved
245,2373,39,Late Delivery,Medium,2026-05-31 08:00:00,,Resolved
246,2385,52,Late Delivery,High,2026-05-30 13:00:00,2026-06-01 06:20:06.721970,Resolved
247,2388,23,Late Delivery,Medium,2026-06-03 23:00:00,,Resolved
248,2390,73,Late Delivery,High,2026-05-29 14:00:00,2026-06-01 18:55:37.006629,Resolved
249,2393,22,Late Delivery,Medium,2026-05-28 20:00:00,,Resolved
250,2395,34,Late Delivery,Medium,2026-06-02 06:00:00,2026-06-04 15:52:11.649473,Resolved
251,2397,55,Late Delivery,High,2026-05-31 01:00:00,2026-05-31 23:54:49.682192,Resolved
252,2408,64,Late Delivery,Medium,2026-06-05 09:00:00,2026-06-05 20:51:48.452581,Resolved
253,2422,76,Late Delivery,High,2026-05-31 14:00:00,2026-06-01 23:14:24.356227,Open
254,2425,19,Late Delivery,Low,2026-06-05 12:00:00,2026-06-07 06:25:15.563877,Resolved
255,2437,66,Late Delivery,High,2026-06-08 06:00:00,2026-06-11 12:44:23.718688,Resolved
256,2458,82,Late Delivery,Medium,2026-06-09 19:00:00,2026-06-10 03:49:37.039121,Resolved
257,2463,17,Late Delivery,High,2026-06-08 04:00:00,2026-06-10 19:12:38.127052,Resolved
258,2465,23,Late Delivery,Medium,2026-06-06 12:00:00,,Open
259,2468,85,Late Delivery,Medium,2026-06-10 22:00:00,2026-06-11 08:07:44.699609,Resolved
260,2469,79,Late Delivery,Medium,2026-06-10 23:00:00,2026-06-13 05:10:55.982181,Resolved
261,2470,1,Late Delivery,Medium,2026-06-08 22:00:00,2026-06-09 18:04:47.557003,Resolved
262,2480,27,Late Delivery,Medium,2026-06-12 00:00:00,2026-06-15 07:05:49.959646,Resolved
263,2493,22,Late Delivery,Medium,2026-06-15 17:00:00,2026-06-19 05:49:45.468653,Open
264,2520,25,Late Delivery,High,2026-06-16 03:00:00,2026-06-17 18:17:26.013557,Resolved
265,2523,37,Late Delivery,Medium,2026-06-16 05:00:00,2026-06-18 15:05:58.920150,Open
266,2527,24,Late Delivery,Low,2026-06-15 17:00:00,2026-06-17 15:48:30.890621,Resolved
267,2546,58,Late Delivery,Medium,2026-06-18 11:00:00,,Resolved
268,2549,64,Late Delivery,High,2026-06-13 16:00:00,2026-06-14 05:44:23.055564,Resolved
269,2553,33,Late Delivery,Medium,2026-06-19 06:00:00,2026-06-21 08:10:57.544416,Resolved
270,2610,29,Late Delivery,Medium,2026-06-27 02:00:00,2026-06-29 07:40:28.878689,Resolved
271,2634,75,Late Delivery,Low,2026-06-28 16:00:00,2026-07-01 14:40:20.385511,Resolved
272,2637,74,Late Delivery,Medium,2026-06-30 16:00:00,,Resolved
273,2664,31,Late Delivery,Low,2026-07-01 11:00:00,2026-07-05 03:45:57.760585,Resolved
274,2666,69,Late Delivery,Low,2026-06-28 21:00:00,2026-07-01 22:20:13.086099,Resolved
275,,20,Quality Defect,Critical,2025-07-23 23:00:00,,In Progress
276,,41,Quality Defect,Critical,2025-07-29 09:00:00,2025-07-30 14:06:27.743412,Resolved
277,,62,Quality Defect,High,2025-08-05 21:00:00,2025-08-07 13:51:31.174877,Resolved
278,,66,Quality Defect,Medium,2025-08-01 13:00:00,2025-08-05 03:51:18.666388,Resolved
279,,27,Quality Defect,High,2025-08-05 07:00:00,2025-08-06 04:06:55.550395,Resolved
280,,58,Quality Defect,Critical,2025-08-06 00:00:00,,In Progress
281,,73,Quality Defect,High,2025-07-23 12:00:00,,In Progress
282,,70,Quality Defect,High,2025-07-31 11:00:00,2025-08-01 06:38:15.688779,Resolved
283,,54,Quality Defect,High,2025-07-25 23:00:00,2025-07-26 09:44:39.358759,Resolved
284,,89,Quality Defect,High,2025-08-03 04:00:00,,In Progress
285,,65,Quality Defect,Medium,2025-08-08 14:00:00,2025-08-11 12:33:33.299178,Resolved
286,,2,Quality Defect,High,2025-07-21 18:00:00,2025-07-26 08:09:01.773535,Resolved
287,,80,Quality Defect,Critical,2025-08-01 06:00:00,2025-08-02 06:00:53.096940,Resolved
288,,6,Quality Defect,Medium,2025-11-05 17:00:00,2025-11-08 08:32:00.997243,Resolved
289,,2,Quality Defect,High,2025-11-02 06:00:00,2025-11-02 18:15:09.007255,Resolved
290,,10,Quality Defect,High,2025-10-27 02:00:00,2025-10-28 04:58:37.453022,Resolved
291,,18,Quality Defect,High,2025-10-21 07:00:00,2025-10-25 16:33:08.993442,Resolved
292,,43,Quality Defect,High,2025-11-09 22:00:00,2025-11-14 07:25:35.128040,Resolved
293,,20,Quality Defect,Medium,2025-11-08 01:00:00,2025-11-10 11:58:31.751552,Resolved
294,,32,Quality Defect,High,2025-11-08 11:00:00,2025-11-12 04:54:04.247597,Resolved
295,,80,Quality Defect,Medium,2025-11-06 21:00:00,2025-11-08 19:58:07.166915,Resolved
296,,80,Quality Defect,High,2025-10-28 18:00:00,2025-10-31 08:40:19.787291,Resolved
297,,59,Quality Defect,Critical,2025-11-07 19:00:00,2025-11-08 18:56:09.881005,Resolved
298,,69,Quality Defect,High,2025-10-30 05:00:00,2025-10-31 15:01:42.579223,Resolved
299,,76,Quality Defect,Critical,2025-10-18 12:00:00,2025-10-22 14:19:04.934110,Resolved
300,,39,Quality Defect,Critical,2025-10-22 08:00:00,2025-10-25 20:14:17.017109,Resolved
301,,35,Quality Defect,Medium,2025-10-28 06:00:00,2025-10-28 14:41:41.142966,Resolved
302,,9,Quality Defect,High,2025-10-31 09:00:00,,In Progress
303,,79,Quality Defect,Critical,2025-11-14 20:00:00,2025-11-15 16:03:47.450546,Resolved
304,,23,Quality Defect,Medium,2025-10-15 18:00:00,2025-10-18 10:35:18.077133,Resolved
305,,67,Quality Defect,Medium,2025-11-04 08:00:00,2025-11-05 17:05:17.698944,Resolved
306,,75,Quality Defect,Medium,2025-10-21 22:00:00,2025-10-24 18:40:01.784686,Resolved
307,,57,Quality Defect,Medium,2025-11-12 18:00:00,,In Progress
308,,1,Quality Defect,High,2025-11-05 14:00:00,2025-11-09 09:50:48.331686,Resolved
309,,37,Quality Defect,Medium,2025-10-16 07:00:00,2025-10-20 13:32:50.591539,Resolved
310,,22,Quality Defect,Medium,2026-01-15 18:00:00,2026-01-18 15:39:47.579381,Resolved
311,,36,Quality Defect,Critical,2025-12-23 20:00:00,,In Progress
312,,49,Quality Defect,Critical,2025-12-23 18:00:00,2025-12-25 00:17:37.598062,Resolved
313,,35,Quality Defect,High,2026-01-07 01:00:00,2026-01-09 18:14:14.261536,Resolved
314,,84,Quality Defect,Medium,2026-01-08 20:00:00,2026-01-11 02:46:26.962380,Resolved
315,,2,Quality Defect,High,2025-12-24 23:00:00,2025-12-26 17:29:43.459435,Resolved
316,,32,Quality Defect,Critical,2025-12-13 15:00:00,2025-12-15 19:50:42.941336,Resolved
317,,77,Quality Defect,High,2026-01-12 08:00:00,2026-01-13 03:55:40.331964,Resolved
318,,27,Quality Defect,High,2026-01-13 16:00:00,,In Progress
319,,67,Quality Defect,High,2025-12-28 02:00:00,2026-01-02 01:14:13.159325,Resolved
320,,56,Quality Defect,Critical,2026-01-09 13:00:00,2026-01-13 16:45:58.510808,Resolved
321,,22,Quality Defect,Medium,2025-12-17 21:00:00,2025-12-22 10:48:52.217359,Resolved
322,,23,Quality Defect,High,2026-01-04 19:00:00,,In Progress
323,,13,Quality Defect,Medium,2026-01-02 17:00:00,2026-01-04 16:54:38.868930,Resolved
324,,13,Quality Defect,High,2026-01-06 09:00:00,2026-01-08 10:46:26.061176,Resolved
325,,82,Quality Defect,Medium,2025-12-23 18:00:00,2025-12-28 14:46:12.192709,Resolved
326,,7,Quality Defect,High,2025-12-18 17:00:00,2025-12-19 11:57:37.407782,Resolved
327,,30,Quality Defect,Critical,2025-12-27 02:00:00,,In Progress
328,,58,Quality Defect,Critical,2025-12-14 03:00:00,2025-12-16 06:15:46.487509,Resolved
329,,72,Quality Defect,Critical,2026-01-06 17:00:00,2026-01-08 06:18:37.292224,Resolved
330,,10,Quality Defect,High,2025-12-21 19:00:00,,In Progress
331,,86,Quality Defect,Medium,2025-12-27 14:00:00,2025-12-31 09:10:39.241358,Resolved
332,,33,Quality Defect,Medium,2025-12-21 15:00:00,2025-12-22 23:30:56.674728,Resolved
333,,22,Quality Defect,High,2025-12-24 03:00:00,2025-12-25 09:34:30.360633,Resolved
334,,23,Quality Defect,High,2026-01-14 09:00:00,,In Progress
335,,3,Quality Defect,Critical,2026-01-06 08:00:00,2026-01-10 04:40:04.666249,Resolved
336,,76,Quality Defect,Critical,2026-01-07 09:00:00,2026-01-08 07:43:19.109266,Resolved
337,,75,Quality Defect,Critical,2025-12-22 00:00:00,,In Progress
338,,78,Quality Defect,Medium,2026-01-01 07:00:00,2026-01-02 17:07:43.453841,Resolved
339,,80,Quality Defect,Medium,2025-12-20 11:00:00,2025-12-21 03:10:44.346106,Resolved
340,,57,Quality Defect,Medium,2025-12-17 12:00:00,2025-12-21 19:55:02.338005,Resolved
341,,50,Quality Defect,High,2025-12-24 21:00:00,2025-12-28 13:27:36.176783,Resolved
342,,40,Quality Defect,Medium,2026-01-13 22:00:00,,In Progress
343,,63,Quality Defect,Medium,2026-01-07 04:00:00,2026-01-09 22:31:34.041930,Resolved
344,,69,Quality Defect,High,2025-12-28 12:00:00,2025-12-31 11:26:47.911746,Resolved
345,,33,Quality Defect,High,2026-01-08 08:00:00,2026-01-08 20:21:20.842653,Resolved
346,,64,Quality Defect,Critical,2026-01-11 14:00:00,2026-01-12 15:30:31.603059,Resolved
347,,84,Quality Defect,Medium,2026-01-10 12:00:00,2026-01-11 11:24:35.216592,Resolved
348,,85,Quality Defect,Medium,2025-12-24 08:00:00,,In Progress
349,,25,Quality Defect,Critical,2025-12-28 02:00:00,2026-01-01 13:56:51.487139,Resolved
350,,55,Quality Defect,Critical,2025-12-18 16:00:00,2025-12-23 07:04:14.267000,Resolved
351,,90,Quality Defect,High,2025-12-16 17:00:00,2025-12-20 17:29:22.707783,Resolved
352,,66,Quality Defect,Medium,2026-01-11 08:00:00,,In Progress
353,,62,Quality Defect,Critical,2026-02-09 01:00:00,,In Progress
354,,54,Quality Defect,High,2026-01-15 10:00:00,2026-01-17 12:15:48.016037,Resolved
355,,55,Quality Defect,Medium,2026-01-24 10:00:00,2026-01-26 13:02:05.003451,Resolved
356,,15,Quality Defect,Critical,2026-01-28 02:00:00,2026-02-01 05:43:42.600180,Resolved
357,,67,Quality Defect,High,2026-01-12 22:00:00,2026-01-16 06:54:48.474083,Resolved
358,,73,Quality Defect,High,2026-02-09 13:00:00,2026-02-12 02:55:14.748894,Resolved
359,,24,Quality Defect,High,2026-02-11 11:00:00,2026-02-15 03:14:38.059244,Resolved
360,,11,Quality Defect,High,2026-01-31 11:00:00,2026-01-31 20:13:24.963410,Resolved
361,,78,Quality Defect,Medium,2026-01-22 20:00:00,2026-01-25 12:30:43.816824,Resolved
362,,54,Quality Defect,High,2026-02-14 02:00:00,2026-02-16 17:27:13.596481,Resolved
363,,33,Quality Defect,Critical,2026-02-04 06:00:00,2026-02-05 19:56:58.433406,Resolved
364,,28,Quality Defect,Medium,2026-02-02 04:00:00,2026-02-06 08:11:06.584702,Resolved
365,,29,Quality Defect,Medium,2026-01-16 18:00:00,,In Progress
366,,36,Quality Defect,Critical,2026-01-29 00:00:00,2026-01-29 11:24:29.144320,Resolved
367,,40,Quality Defect,Medium,2026-01-30 23:00:00,2026-02-04 13:51:55.578886,Resolved
368,,6,Quality Defect,High,2026-01-18 10:00:00,2026-01-20 17:19:20.196964,Resolved
369,,58,Quality Defect,Medium,2026-02-11 17:00:00,2026-02-14 06:40:57.047928,Resolved
370,,79,Quality Defect,Medium,2026-02-04 01:00:00,,In Progress
371,,25,Quality Defect,Medium,2026-01-25 12:00:00,2026-01-28 14:55:42.124161,Resolved
372,,67,Quality Defect,High,2026-01-30 13:00:00,2026-02-03 23:25:17.961871,Resolved
373,,53,Quality Defect,Critical,2026-01-25 18:00:00,2026-01-30 07:40:12.757896,Resolved
374,,50,Quality Defect,Medium,2026-02-05 14:00:00,2026-02-09 00:34:53.939644,Resolved
375,,41,Quality Defect,High,2026-02-01 05:00:00,2026-02-04 07:08:26.920790,Resolved
376,,89,Quality Defect,High,2026-02-03 12:00:00,2026-02-06 16:59:50.209865,Resolved
377,,81,Quality Defect,Medium,2026-02-10 19:00:00,2026-02-13 05:41:01.791555,Resolved
378,,34,Quality Defect,High,2026-02-11 03:00:00,2026-02-14 15:40:40.599858,Resolved
379,,61,Quality Defect,Critical,2026-02-12 01:00:00,2026-02-14 00:13:27.102773,Resolved
380,,6,Quality Defect,Medium,2026-01-26 10:00:00,2026-01-28 17:00:54.225860,Resolved
381,,69,Quality Defect,High,2026-02-05 21:00:00,2026-02-10 00:36:42.707566,Resolved
382,,13,Quality Defect,High,2026-02-07 07:00:00,2026-02-11 18:08:04.883669,Resolved
383,,8,Quality Defect,Medium,2026-02-03 14:00:00,,In Progress
384,,3,Quality Defect,High,2026-01-22 03:00:00,,In Progress
385,,23,Quality Defect,High,2026-01-25 17:00:00,,In Progress
386,,50,Quality Defect,High,2026-01-15 05:00:00,2026-01-16 22:33:48.368858,Resolved
387,,57,Quality Defect,Critical,2026-02-10 05:00:00,2026-02-11 11:35:07.882801,Resolved
388,,7,Quality Defect,High,2026-01-21 16:00:00,2026-01-25 01:20:10.552893,Resolved
389,,40,Quality Defect,High,2026-01-25 12:00:00,2026-01-28 20:42:16.215708,Resolved
390,,9,Quality Defect,High,2026-02-06 23:00:00,2026-02-11 16:20:52.516087,Resolved
391,,50,Quality Defect,High,2026-01-29 17:00:00,2026-01-31 22:43:10.306331,Resolved
392,,73,Quality Defect,High,2026-01-19 00:00:00,2026-01-21 23:18:36.570748,Resolved
393,,54,Quality Defect,High,2026-01-30 02:00:00,2026-02-01 13:03:08.483821,Resolved
394,,6,Quality Defect,High,2026-01-15 06:00:00,2026-01-18 21:28:53.961862,Resolved
395,,89,Quality Defect,Medium,2026-01-28 12:00:00,2026-01-29 09:09:41.048115,Resolved
396,,4,Quality Defect,High,2026-01-23 11:00:00,,In Progress
397,,4,Quality Defect,Medium,2026-01-22 01:00:00,2026-01-25 22:13:41.219103,Resolved
398,,49,Quality Defect,High,2026-01-28 21:00:00,,In Progress
399,,21,Quality Defect,High,2026-02-10 15:00:00,2026-02-12 15:31:02.862274,Resolved
400,,15,Quality Defect,High,2026-01-13 14:00:00,2026-01-15 08:24:07.532567,Resolved
401,,42,Quality Defect,High,2026-01-29 06:00:00,2026-01-31 16:22:52.118926,Resolved
402,,51,Quality Defect,Critical,2026-02-07 22:00:00,,In Progress
403,,86,Quality Defect,High,2026-01-16 06:00:00,2026-01-17 05:24:10.522048,Resolved
404,,30,Quality Defect,High,2026-04-08 20:00:00,,In Progress
405,,61,Quality Defect,Critical,2026-03-31 19:00:00,,In Progress
406,,42,Quality Defect,High,2026-04-15 06:00:00,2026-04-19 10:42:22.908630,Resolved
407,,20,Quality Defect,Medium,2026-03-31 13:00:00,2026-04-03 21:02:50.090551,Resolved
408,,46,Quality Defect,Critical,2026-04-02 15:00:00,,In Progress
409,,68,Quality Defect,High,2026-04-10 10:00:00,2026-04-13 21:08:56.724118,Resolved
410,,47,Quality Defect,High,2026-03-27 02:00:00,2026-03-31 00:25:59.162556,Resolved
411,,73,Quality Defect,High,2026-03-22 07:00:00,2026-03-23 19:15:05.569714,Resolved
412,,79,Quality Defect,Critical,2026-04-17 21:00:00,2026-04-20 18:46:55.889470,Resolved
413,,24,Quality Defect,High,2026-03-24 21:00:00,,In Progress
414,,12,Quality Defect,High,2026-03-22 17:00:00,2026-03-25 04:13:44.313286,Resolved
415,,9,Quality Defect,Critical,2026-03-29 08:00:00,,In Progress
416,,57,Quality Defect,Medium,2026-03-29 13:00:00,2026-04-02 11:38:28.873802,Resolved
417,,9,Quality Defect,High,2026-03-14 16:00:00,,In Progress
418,,73,Quality Defect,Critical,2026-04-02 13:00:00,,In Progress
419,,37,Quality Defect,High,2026-04-04 23:00:00,,In Progress
420,,86,Quality Defect,Critical,2026-04-01 10:00:00,,In Progress
421,,9,Quality Defect,High,2026-03-18 12:00:00,2026-03-19 17:51:12.933372,Resolved
422,,52,Quality Defect,Medium,2026-03-21 10:00:00,2026-03-25 07:59:47.337638,Resolved
423,,38,Quality Defect,High,2026-03-16 02:00:00,2026-03-19 13:08:20.331488,Resolved
424,,65,Quality Defect,Critical,2026-04-09 20:00:00,2026-04-14 01:57:35.743965,Resolved
425,,55,Quality Defect,High,2026-04-09 10:00:00,,In Progress
426,,7,Quality Defect,High,2026-03-30 03:00:00,2026-04-01 17:19:57.162463,Resolved
427,,79,Quality Defect,High,2026-04-01 13:00:00,2026-04-03 23:47:41.683351,Resolved
428,,24,Quality Defect,High,2026-03-24 12:00:00,2026-03-26 05:08:22.670186,Resolved
429,,43,Quality Defect,High,2026-03-28 04:00:00,,In Progress
430,,72,Quality Defect,High,2026-04-09 14:00:00,,In Progress
431,,49,Quality Defect,High,2026-03-22 17:00:00,2026-03-24 02:11:13.835114,Resolved
432,,21,Wrong Item,Low,2025-10-05 14:00:00,2025-10-07 23:53:41.550385,Resolved
433,,8,Wrong Item,Low,2025-08-17 04:00:00,2025-08-17 12:24:59.648709,Resolved
434,,69,Billing Issue,Medium,2026-02-20 08:00:00,2026-02-21 20:32:30.305306,Resolved
435,,58,Warranty Claim,Medium,2025-12-14 21:00:00,2025-12-16 12:53:57.550876,Resolved
436,,72,Warranty Claim,Medium,2026-06-04 05:00:00,2026-06-05 00:51:12.153253,Resolved
437,,85,Warranty Claim,High,2026-06-06 22:00:00,2026-06-10 05:59:12.519406,Resolved
438,,50,Warranty Claim,Medium,2025-07-04 18:00:00,,Open
439,,76,Other,High,2026-02-12 16:00:00,2026-02-14 20:00:30.628434,Resolved
440,,27,Billing Issue,Medium,2026-01-21 04:00:00,,Open
441,,43,Warranty Claim,High,2025-08-06 13:00:00,2025-08-07 02:03:02.364812,Resolved
442,,7,Other,Medium,2026-01-12 20:00:00,,Open
443,,45,Wrong Item,Low,2026-01-01 18:00:00,2026-01-03 14:15:39.557118,Resolved
444,,49,Billing Issue,High,2025-08-18 12:00:00,2025-08-21 14:32:22.171010,Resolved
445,,68,Warranty Claim,High,2025-11-05 06:00:00,,Open
446,,38,Other,Medium,2025-07-26 12:00:00,2025-07-28 22:11:55.989862,Resolved
447,,35,Warranty Claim,Low,2025-09-27 08:00:00,2025-09-29 21:12:47.958215,Resolved
448,,19,Warranty Claim,Low,2025-10-12 23:00:00,2025-10-14 18:20:02.254148,Resolved
449,,75,Wrong Item,Low,2025-12-07 05:00:00,2025-12-08 18:45:55.762692,Resolved
450,,88,Wrong Item,Medium,2026-01-14 02:00:00,2026-01-14 15:10:21.460984,Resolved
451,,84,Billing Issue,Low,2025-10-19 03:00:00,2025-10-22 10:02:32.254758,Resolved
452,,27,Billing Issue,Low,2026-06-24 12:00:00,2026-06-26 05:45:03.567492,Resolved
453,,50,Other,Low,2026-04-20 21:00:00,,Open
454,,1,Other,Medium,2026-01-09 17:00:00,2026-01-12 14:02:59.064882,Resolved
455,,10,Warranty Claim,Medium,2026-03-01 19:00:00,2026-03-02 01:12:27.545562,Resolved
456,,56,Other,Medium,2026-01-18 00:00:00,2026-01-19 15:06:47.531857,Resolved
457,,31,Billing Issue,High,2026-06-05 05:00:00,,Open
458,,35,Warranty Claim,Medium,2025-08-07 20:00:00,,Open
459,,28,Billing Issue,Medium,2026-05-16 07:00:00,2026-05-18 03:29:28.286705,Resolved
460,,32,Other,Medium,2025-10-05 14:00:00,,Open
461,,8,Warranty Claim,Low,2026-05-20 23:00:00,2026-05-22 04:43:51.388201,Resolved
462,,80,Billing Issue,High,2026-03-28 13:00:00,2026-03-31 12:03:54.061843,Resolved
463,,70,Warranty Claim,Low,2025-08-26 04:00:00,2025-08-26 16:48:37.796637,Resolved
464,,20,Warranty Claim,Medium,2025-10-11 11:00:00,2025-10-14 15:18:23.507847,Resolved
465,,89,Billing Issue,Low,2025-09-15 06:00:00,2025-09-15 09:38:05.664025,Resolved
466,,17,Other,Low,2025-11-02 10:00:00,2025-11-04 00:27:16.971893,Resolved
467,,59,Warranty Claim,Medium,2026-03-08 15:00:00,2026-03-11 09:51:57.250881,Resolved
468,,33,Other,Medium,2026-05-07 22:00:00,2026-05-10 15:48:47.392445,Resolved
469,,84,Warranty Claim,Low,2025-12-31 19:00:00,2026-01-04 00:10:25.726269,Resolved
470,,48,Other,Medium,2025-09-30 22:00:00,,Open
471,,15,Other,Medium,2026-05-27 21:00:00,2026-05-28 02:14:11.092016,Resolved
472,,41,Warranty Claim,Medium,2025-07-19 19:00:00,2025-07-22 05:33:58.048051,Resolved
473,,55,Wrong Item,Low,2026-02-16 16:00:00,2026-02-17 16:21:49.211083,Resolved
474,,74,Billing Issue,High,2026-04-28 00:00:00,2026-04-28 17:00:19.248198,Resolved
475,,18,Other,Medium,2025-07-17 12:00:00,2025-07-18 04:51:05.533996,Resolved
476,,5,Warranty Claim,High,2025-10-30 05:00:00,2025-10-31 21:17:17.914237,Resolved
477,,40,Warranty Claim,High,2025-08-17 05:00:00,2025-08-17 15:36:52.468069,Resolved
478,,21,Other,Medium,2026-06-22 16:00:00,2026-06-25 20:26:32.283985,Resolved
479,,56,Billing Issue,High,2025-08-28 13:00:00,,Open
480,,6,Wrong Item,Low,2025-12-08 12:00:00,,Open
481,,73,Warranty Claim,Medium,2026-03-14 12:00:00,,Open
482,,45,Wrong Item,Medium,2026-01-21 13:00:00,2026-01-22 02:11:47.729782,Resolved
483,,10,Other,Low,2025-08-10 02:00:00,,Open
484,,88,Warranty Claim,Medium,2026-06-09 01:00:00,2026-06-12 05:55:17.570319,Resolved
485,,17,Warranty Claim,Low,2026-03-09 01:00:00,2026-03-10 06:59:51.567414,Resolved
486,,70,Other,Low,2025-08-24 18:00:00,2025-08-25 14:19:58.340309,Resolved
487,,68,Other,Low,2025-07-14 18:00:00,2025-07-16 13:12:37.519726,Resolved
488,,58,Wrong Item,Medium,2025-11-12 03:00:00,2025-11-14 22:11:31.490978,Resolved
489,,61,Billing Issue,Low,2026-01-18 17:00:00,,Open
490,,16,Other,High,2025-12-04 15:00:00,2025-12-05 07:56:00.259499,Resolved
491,,42,Billing Issue,High,2025-07-16 01:00:00,2025-07-18 12:25:30.194595,Resolved
492,,55,Warranty Claim,Low,2025-11-10 01:00:00,,Open
493,,55,Wrong Item,Medium,2026-06-05 00:00:00,,Open
494,,89,Other,Medium,2026-06-19 09:00:00,2026-06-22 09:10:38.561329,Resolved
495,,17,Wrong Item,Medium,2025-07-15 23:00:00,,Open
496,,20,Other,Medium,2025-11-08 08:00:00,2025-11-11 09:21:40.448626,Resolved
497,,82,Other,High,2026-03-06 23:00:00,,Open
498,,49,Billing Issue,High,2026-02-28 14:00:00,2026-03-01 22:55:51.153668,Resolved
499,,79,Billing Issue,Low,2025-11-06 03:00:00,2025-11-07 02:41:17.278723,Resolved
500,,3,Wrong Item,Medium,2026-01-20 00:00:00,,Open
501,,57,Other,Low,2026-05-15 08:00:00,2026-05-16 00:55:35.264653,Resolved
502,,3,Warranty Claim,Medium,2026-06-20 15:00:00,,Open
503,,19,Warranty Claim,Medium,2026-03-30 10:00:00,,Open
504,,62,Warranty Claim,Medium,2026-06-02 13:00:00,,Open
505,,31,Billing Issue,Low,2025-09-25 08:00:00,2025-09-26 11:42:04.312720,Resolved
506,,61,Other,High,2025-08-29 15:00:00,2025-08-31 00:34:47.229952,Resolved
507,,11,Wrong Item,Medium,2026-04-18 01:00:00,2026-04-20 09:28:06.483626,Resolved
508,,77,Other,Medium,2025-09-03 02:00:00,2025-09-05 22:29:28.290040,Resolved
509,,83,Warranty Claim,Medium,2025-11-28 23:00:00,2025-11-29 21:54:50.893730,Resolved
510,,81,Wrong Item,Medium,2025-09-04 06:00:00,2025-09-07 10:39:04.407360,Resolved
511,,8,Other,Medium,2026-06-02 04:00:00,2026-06-03 12:47:28.703537,Resolved
512,,12,Billing Issue,Low,2026-04-11 10:00:00,2026-04-14 15:40:15.952310,Resolved
513,,84,Billing Issue,High,2025-11-27 00:00:00,2025-11-28 17:15:47.751569,Resolved
514,,43,Warranty Claim,Medium,2026-03-01 03:00:00,2026-03-04 06:51:38.675227,Resolved
515,,25,Billing Issue,Medium,2026-03-25 15:00:00,2026-03-25 21:13:45.025067,Resolved
516,,33,Wrong Item,Low,2025-09-29 12:00:00,2025-10-01 07:48:27.025304,Resolved
517,,86,Billing Issue,Medium,2025-08-27 06:00:00,2025-08-29 09:13:08.545264,Resolved
518,,14,Warranty Claim,Medium,2026-03-13 17:00:00,2026-03-16 20:23:50.733528,Resolved
519,,52,Wrong Item,Low,2025-11-17 23:00:00,2025-11-18 22:49:34.435829,Resolved
520,,61,Other,Low,2025-07-15 14:00:00,,Open
521,,9,Wrong Item,Medium,2025-12-19 01:00:00,2025-12-20 11:56:03.700931,Resolved
522,,38,Warranty Claim,High,2025-09-11 23:00:00,2025-09-14 17:26:43.660424,Resolved
523,,74,Warranty Claim,High,2026-05-31 07:00:00,2026-05-31 15:09:47.143893,Resolved
524,,22,Other,Low,2025-11-05 20:00:00,2025-11-08 00:32:45.044031,Resolved
525,,56,Other,High,2026-04-25 22:00:00,2026-04-26 01:43:07.521443,Resolved
526,,2,Wrong Item,Low,2026-05-14 19:00:00,2026-05-18 00:37:54.400646,Resolved
527,,72,Wrong Item,Low,2025-09-20 05:00:00,2025-09-22 01:57:02.979543,Resolved
528,,62,Billing Issue,Medium,2026-02-26 10:00:00,2026-02-28 03:12:27.673370,Resolved
529,,3,Warranty Claim,High,2025-11-23 18:00:00,2025-11-25 10:27:28.231899,Resolved
530,,26,Warranty Claim,High,2025-10-10 03:00:00,2025-10-13 07:42:21.332542,Resolved
531,,75,Other,Medium,2025-07-26 03:00:00,2025-07-27 21:14:55.210205,Resolved
532,,83,Billing Issue,Medium,2026-04-08 12:00:00,2026-04-10 08:32:48.252871,Resolved
533,,76,Warranty Claim,Medium,2025-11-05 12:00:00,2025-11-08 15:01:50.524334,Resolved
534,,4,Warranty Claim,Medium,2026-01-02 13:00:00,,Open
535,,44,Warranty Claim,Medium,2026-03-05 16:00:00,2026-03-08 06:21:22.557377,Resolved
536,,69,Other,Medium,2026-05-04 01:00:00,2026-05-06 06:46:53.385527,Resolved
537,,52,Billing Issue,Low,2025-10-29 20:00:00,2025-11-02 02:53:43.537224,Resolved
538,,6,Billing Issue,Medium,2025-07-11 16:00:00,,Open
539,,11,Other,Medium,2026-05-16 19:00:00,,Open
540,,58,Wrong Item,High,2025-10-04 14:00:00,2025-10-06 07:28:25.615401,Resolved
541,,75,Wrong Item,Low,2026-01-28 21:00:00,2026-01-30 23:51:07.759265,Resolved
542,,50,Other,High,2026-06-24 21:00:00,,Open
543,,86,Wrong Item,Medium,2025-07-14 03:00:00,2025-07-14 14:17:53.001959,Resolved
544,,7,Other,Medium,2026-02-03 15:00:00,2026-02-06 12:59:39.794787,Resolved
545,,41,Other,Low,2025-11-03 14:00:00,2025-11-06 03:02:05.650698,Resolved
546,,65,Wrong Item,Low,2026-04-13 08:00:00,2026-04-15 11:49:45.232577,Resolved
547,,2,Warranty Claim,Low,2025-12-06 02:00:00,2025-12-06 21:45:27.313541,Resolved
548,,36,Wrong Item,Low,2026-06-24 17:00:00,2026-06-26 16:55:26.129171,Resolved
549,,12,Warranty Claim,Low,2025-08-12 23:00:00,2025-08-15 17:02:04.992495,Resolved
550,,46,Wrong Item,Medium,2026-05-24 21:00:00,,Open
551,,60,Warranty Claim,High,2025-09-08 15:00:00,2025-09-11 18:14:42.073925,Resolved
552,,54,Billing Issue,High,2025-07-17 09:00:00,2025-07-18 12:08:22.833012,Resolved
553,,72,Warranty Claim,Medium,2025-12-06 18:00:00,2025-12-09 17:22:48.242232,Resolved
554,,51,Other,Low,2026-01-06 10:00:00,2026-01-08 12:26:27.481694,Resolved
555,,81,Wrong Item,Medium,2026-04-20 18:00:00,2026-04-21 04:07:58.274955,Resolved
556,,90,Warranty Claim,Medium,2026-03-08 21:00:00,2026-03-10 22:29:59.277971,Resolved
557,,67,Other,Low,2026-06-08 04:00:00,2026-06-10 23:44:23.168179,Resolved
558,,73,Other,Low,2026-03-26 15:00:00,,Open
559,,18,Wrong Item,High,2025-09-10 12:00:00,2025-09-11 21:26:49.324285,Resolved
560,,74,Other,High,2025-12-04 18:00:00,2025-12-07 16:02:23.545129,Resolved
561,,87,Other,High,2026-06-11 00:00:00,2026-06-13 06:39:19.997430,Resolved
562,,46,Other,Medium,2026-06-01 14:00:00,,Open
563,,77,Other,High,2026-02-12 14:00:00,,Open
564,,56,Wrong Item,Low,2026-02-27 15:00:00,2026-02-28 09:41:14.621808,Resolved
565,,60,Warranty Claim,Medium,2025-08-15 10:00:00,,Open
566,,84,Warranty Claim,Medium,2026-05-24 23:00:00,2026-05-25 20:21:30.898138,Resolved
567,,36,Warranty Claim,High,2026-01-01 14:00:00,2026-01-04 04:14:29.756485,Resolved
568,,64,Other,Low,2026-02-28 17:00:00,,Open
569,,58,Billing Issue,Medium,2025-10-27 07:00:00,2025-10-29 11:17:32.839348,Resolved
570,,52,Warranty Claim,Low,2026-03-11 00:00:00,,Open
571,,59,Wrong Item,Medium,2026-01-18 06:00:00,2026-01-18 18:33:11.782805,Resolved
572,,66,Wrong Item,Medium,2025-09-08 14:00:00,2025-09-10 21:04:27.331742,Resolved
573,,87,Billing Issue,High,2026-02-28 05:00:00,,Open
574,,51,Warranty Claim,High,2025-11-16 19:00:00,2025-11-19 08:00:52.851561,Resolved
575,,88,Wrong Item,Low,2026-03-30 01:00:00,2026-03-31 13:12:49.303161,Resolved
576,,54,Wrong Item,Medium,2025-09-02 04:00:00,2025-09-02 20:41:49.278240,Resolved
577,,37,Wrong Item,High,2026-01-24 07:00:00,2026-01-26 21:17:18.595048,Resolved
578,,40,Billing Issue,High,2025-11-25 14:00:00,2025-11-25 16:14:17.158786,Resolved
579,,63,Warranty Claim,Medium,2026-04-30 03:00:00,2026-04-30 13:43:14.129800,Resolved
580,,79,Other,Medium,2025-10-19 16:00:00,,Open
581,,33,Wrong Item,Medium,2025-09-15 06:00:00,,Open
