House_Age,Total_Rooms,Total_Bedrooms,Population,Median_Income,Price
39,6,6,2064,6.73,358660
29,5,5,2945,10.04,460533
15,7,7,4016,11.0,528873
43,7,7,4905,1.56,148442
8,3,3,4781,3.75,212132
21,4,4,2593,11.13,490824
39,4,4,3008,10.5,470737
19,3,3,1200,14.54,603290
23,5,5,3384,11.77,505707
11,8,8,2309,14.34,640107
11,7,7,541,10.98,520456
24,6,6,2685,5.52,333350
36,1,1,4568,2.92,183265
40,7,7,971,12.05,532663
24,6,6,463,10.2,483129
3,3,3,764,2.15,164641
22,6,6,3342,6.36,380088
2,2,2,4892,14.42,568085
24,2,2,2742,8.26,385475
44,7,7,2655,7.34,374220
30,4,4,4578,7.68,345810
38,3,3,2857,4.32,202150
2,3,3,845,6.48,371351
21,5,5,4135,6.49,347672
33,5,5,893,2.21,173269
12,6,6,4104,11.86,552801
22,6,6,1759,7.12,367838
44,2,2,3793,12.6,503828
25,6,6,2901,12.98,581145
49,4,4,2744,4.36,227718
27,4,4,2972,10.37,469345
42,4,4,4500,7.88,360920
28,1,1,316,13.38,508603
16,5,5,3491,4.41,259028
15,1,1,692,10.65,450488
47,5,5,724,9.7,410498
44,7,7,871,5.49,302731
3,1,1,3931,3.34,192306
37,3,3,1420,10.3,447219
7,7,7,541,11.47,534543
21,6,6,4197,5.76,352237
9,5,5,4395,10.21,474926
39,6,6,2579,6.83,358725
18,4,4,1088,11.13,478456
4,7,7,1014,4.19,312761
25,5,5,3149,13.52,558426
14,6,6,1075,5.38,322243
9,3,3,4326,6.47,330958
26,4,4,2547,2.28,159400
2,1,1,378,3.01,187257
20,6,6,4226,8.46,449108
28,2,2,1155,5.11,256518
47,2,2,2448,12.78,497159
7,5,5,1331,1.7,169830
44,8,8,3571,6.62,362081
8,3,3,3876,6.05,306288
47,4,4,4482,1.76,156425
35,2,2,3756,3.18,159367
14,6,6,3806,7.08,353016
17,3,3,707,8.15,386853
36,5,5,3011,6.96,341770
40,2,2,3388,8.67,365451
4,7,7,1968,9.53,473910
2,5,5,447,1.63,174735
6,2,2,4627,7.77,368019
42,1,1,4197,14.51,575826
4,2,2,2250,8.51,364325
29,3,3,665,10.65,440359
18,8,8,1974,5.71,341821
26,6,6,4831,11.95,531460
44,8,8,4794,11.93,528047
34,4,4,2846,8.54,362929
10,6,6,862,14.68,644773
36,8,8,3862,3.19,223530
14,1,1,2789,1.73,118919
31,5,5,1072,11.9,530176
48,7,7,2337,12.4,540772
15,4,4,3723,3.12,226473
8,4,4,2867,5.09,269014
14,2,2,1873,1.74,147848
23,6,6,3994,5.46,349835
40,5,5,3591,11.94,514316
21,4,4,1546,8.49,402721
16,1,1,4019,6.2,302440
45,2,2,4139,6.52,303178
18,4,4,659,1.52,163300
47,3,3,2676,5.55,275141
24,3,3,3309,10.23,459335
26,2,2,3293,14.65,587482
25,6,6,1262,12.94,562139
45,5,5,3932,1.82,124089
41,6,6,2127,13.63,554946
29,4,4,1913,12.07,505198
15,2,2,1940,12.04,504309
45,5,5,2516,7.68,350234
1,7,7,4612,6.87,399510
25,5,5,677,5.59,290116
7,6,6,4514,2.39,216659
9,3,3,4585,4.58,250558
24,5,5,669,4.83,255578
1,6,6,2496,8.04,418040
44,5,5,4047,11.59,530140
8,3,3,951,7.9,379160
24,4,4,1069,2.28,142841
11,6,6,2721,14.43,653955
17,2,2,1080,14.23,558078
8,6,6,2016,12.1,544964
35,4,4,4283,14.88,611225
35,2,2,1611,8.85,369593
33,5,5,3659,14.5,599970
5,2,2,822,2.52,178040
42,2,2,821,6.44,288527
39,2,2,2620,4.54,238483
41,8,8,1235,4.14,288872
28,6,6,2530,3.4,271241
7,4,4,4340,9.9,463048
9,6,6,4883,12.05,545299
8,7,7,3997,9.31,478340
12,2,2,3137,3.48,205201
34,7,7,4383,12.45,574146
33,8,8,2761,10.09,487408
48,7,7,3543,6.74,341819
23,2,2,3659,10.6,423179
24,2,2,985,5.01,240693
37,2,2,2460,6.16,274234
35,1,1,4288,13.89,533958
44,8,8,4366,5.42,318850
40,7,7,1867,7.84,431611
22,2,2,338,13.52,527435
27,6,6,2844,11.05,519884
35,5,5,1556,2.34,186910
1,3,3,3290,3.49,238110
35,7,7,2496,1.61,179889
37,3,3,3768,10.02,428909
47,6,6,3008,7.54,374243
14,6,6,601,3.31,246125
3,4,4,946,14.43,589842
1,8,8,2059,8.65,456441
5,4,4,4651,4.77,251703
26,3,3,897,8.26,376098
14,5,5,961,10.67,456267
39,7,7,4630,2.53,230780
27,7,7,1668,5.21,325193
9,5,5,2881,12.39,566951
15,1,1,4168,7.71,311385
15,4,4,3837,8.88,415871
26,6,6,4608,7.34,399403
42,7,7,4858,2.09,189771
13,4,4,582,3.74,214329
32,5,5,3978,7.51,349700
39,6,6,1786,4.32,252976
49,7,7,4382,2.17,169979
32,1,1,4483,12.89,530057
4,1,1,760,14.75,598080
30,5,5,2625,12.21,529016
37,6,6,4054,13.03,540930
23,3,3,2768,4.77,265817
39,7,7,2024,14.47,640175
45,1,1,1676,4.16,183717
15,7,7,3043,14.34,602355
43,4,4,814,14.93,616311
29,7,7,1002,11.11,508848
36,3,3,1953,14.75,590491
13,3,3,2366,9.19,438608
32,6,6,322,5.0,282998
7,3,3,2760,7.4,355692
22,3,3,1604,9.51,396040
28,2,2,3600,2.49,146064
2,6,6,661,9.9,493309
42,6,6,4027,14.75,629450
45,6,6,1584,4.07,266302
6,7,7,814,12.2,587686
28,8,8,748,13.76,615178
28,5,5,2155,14.24,587402
44,6,6,3862,14.46,608900
44,5,5,2820,8.54,372095
20,7,7,3381,14.69,658847
30,6,6,1728,11.72,527511
11,5,5,4267,3.68,250753
28,5,5,1222,7.94,380046
25,7,7,3437,11.2,497221
39,4,4,2459,4.84,277358
33,5,5,2847,10.15,456900
1,5,5,3279,10.5,507114
27,3,3,2581,3.7,182480
13,3,3,2949,9.13,439848
41,7,7,613,11.92,535422
3,4,4,2913,8.24,391668
39,4,4,3383,1.66,120861
6,5,5,2556,1.62,147096
8,4,4,1337,6.32,354160
27,2,2,3789,14.0,585699
9,4,4,2934,4.59,260967
37,4,4,4283,10.06,422309
33,6,6,2078,4.5,259444
42,5,5,4195,5.84,287556
44,3,3,1424,12.95,510052
24,7,7,997,11.34,519316
15,3,3,2479,2.79,185947
32,7,7,1704,7.29,390822
32,7,7,1343,1.89,186764
24,7,7,2229,7.99,394805
41,8,8,1313,10.44,495903
49,2,2,526,3.1,163461
49,7,7,2128,5.4,316356
12,4,4,2323,6.87,362292
39,4,4,2752,13.91,599617
2,3,3,2385,14.91,609826
3,5,5,4583,2.11,235298
49,6,6,1380,11.77,524014
37,3,3,2620,6.52,320996
49,1,1,3490,6.8,277261
17,1,1,2930,11.68,476721
49,7,7,2863,13.9,609410
2,4,4,3592,14.34,624578
2,3,3,4921,9.29,452372
28,4,4,3886,6.32,317318
23,4,4,4731,12.13,545619
37,4,4,3247,4.89,274534
32,5,5,4259,9.11,412049
33,6,6,3113,6.34,339320
1,5,5,2883,10.36,488701
19,8,8,461,4.75,344303
2,2,2,893,4.09,199585
44,1,1,3559,13.9,547394
26,5,5,4455,2.87,175181
32,7,7,3262,8.33,420565
6,2,2,4188,4.48,248716
32,1,1,3690,2.03,154065
4,6,6,4801,1.99,202068
11,4,4,963,3.87,256270
17,5,5,1432,13.2,564718
38,6,6,841,5.31,321650
24,1,1,3274,14.33,561235
5,7,7,1167,9.35,470352
34,3,3,2366,7.39,336404
6,8,8,731,9.33,498985
22,2,2,4578,8.48,381516
11,6,6,1506,11.74,554753
48,5,5,2828,5.31,264172
16,6,6,1469,6.27,329925
33,2,2,1130,13.57,531121
9,7,7,1951,14.28,604878
6,5,5,1436,13.55,610370
16,6,6,3110,7.16,378883
29,7,7,775,12.03,550773
3,2,2,3110,7.93,383592
20,2,2,1626,8.22,350560
36,8,8,1319,4.26,265693
19,7,7,2136,9.48,459229
26,7,7,4556,4.01,260560
3,3,3,2748,5.98,322065
19,7,7,4593,13.04,593595
20,5,5,1583,4.3,260891
32,7,7,959,2.46,209591
7,2,2,2310,2.43,163857
41,5,5,698,14.2,599452
33,1,1,2033,8.34,343700
40,2,2,2425,7.03,306669
39,4,4,2471,12.45,525327
18,1,1,374,12.78,516164
40,6,6,4997,5.98,311766
1,3,3,3771,10.86,467150
11,2,2,1136,11.91,509119
28,3,3,799,10.34,450952
25,8,8,437,3.55,254692
23,5,5,2397,13.32,574966
31,1,1,3996,8.78,367384
30,2,2,2185,5.31,233843
42,3,3,3057,7.24,334914
35,7,7,4220,2.01,173057
7,3,3,2200,3.23,219466
16,7,7,2910,11.83,555624
26,2,2,4286,1.5,141401
48,4,4,1749,7.12,311347
49,3,3,846,8.55,359099
2,3,3,4976,2.24,204954
1,1,1,2303,14.64,593565
48,4,4,2396,4.55,221988
12,3,3,1003,5.61,306576
5,5,5,2703,5.6,323535
37,4,4,1925,4.61,233519
32,4,4,3631,1.52,107818
9,7,7,3278,11.35,526900
41,1,1,3139,14.55,572610
35,7,7,3684,4.53,276924
19,5,5,2959,10.45,472386
48,7,7,2161,11.52,500938
16,6,6,3156,12.95,545467
3,2,2,985,7.21,325818
20,2,2,4583,5.59,275747
24,5,5,1919,5.89,285396
33,7,7,4943,11.12,524583
24,3,3,1731,12.53,511559
11,6,6,1175,3.95,284577
49,3,3,2761,6.51,297365
8,5,5,1665,13.68,591821
36,3,3,1543,12.39,500305
38,6,6,462,14.8,609505
40,2,2,2274,11.68,442616
20,7,7,3591,6.81,405821
35,2,2,569,9.47,376474
48,4,4,931,10.42,471817
25,1,1,1205,2.56,142707
35,1,1,3771,8.85,375628
25,4,4,3553,11.08,472733
29,7,7,2314,3.76,262251
18,6,6,1941,12.04,548116
46,4,4,504,9.38,408812
18,7,7,881,14.35,655000
2,6,6,1140,2.07,197813
35,2,2,2019,5.08,214378
16,8,8,2943,9.62,493320
41,1,1,2597,5.5,228511
36,5,5,1174,11.14,502848
33,7,7,989,11.75,545445
4,7,7,4300,2.88,249968
33,4,4,3441,8.44,396735
14,4,4,1722,8.37,398977
21,3,3,971,6.49,309912
48,6,6,1471,14.09,621771
20,6,6,4026,12.67,556325
8,5,5,1243,10.91,503799
7,2,2,1749,11.14,467205
3,6,6,4037,7.73,411228
17,6,6,2839,13.93,624681
33,7,7,4259,10.88,516192
48,4,4,4560,11.34,471856
12,2,2,2661,13.13,543746
22,2,2,3952,5.2,223010
22,7,7,3970,12.4,542688
46,4,4,2053,4.14,244600
30,7,7,2652,6.16,322059
38,2,2,2238,6.03,266883
38,2,2,670,14.71,599619
45,6,6,4779,13.06,570246
8,5,5,2231,10.97,513471
27,2,2,724,11.32,468742
27,2,2,1194,9.09,416594
34,6,6,897,14.29,623381
21,7,7,3362,8.2,426152
30,4,4,2636,6.64,307536
33,7,7,4988,3.7,269895
28,4,4,1987,12.11,517508
47,1,1,872,11.41,440953
33,5,5,2390,6.69,355171
5,8,8,3969,1.84,231924
48,8,8,4572,12.83,593977
19,4,4,4924,1.65,176899
4,2,2,1933,11.0,493560
35,2,2,1817,14.6,555193
49,4,4,4593,7.41,357565
17,7,7,2957,4.67,309620
44,3,3,3948,11.02,437012
28,5,5,3888,12.53,549084
30,1,1,1837,8.88,357241
29,8,8,3437,14.55,653329
46,8,8,397,2.2,178456
6,5,5,3515,8.31,395927
35,3,3,4830,11.2,472649
41,8,8,4050,13.15,601543
37,6,6,3457,3.92,246482
24,2,2,4983,12.3,493007
29,1,1,643,8.96,344677
49,7,7,4966,6.85,355415
46,3,3,910,3.28,196002
31,7,7,2027,13.18,589749
35,4,4,2590,3.62,208361
33,7,7,2154,5.68,327616
21,5,5,2908,5.42,302074
32,7,7,2379,13.26,585638
23,2,2,2624,10.58,433810
33,7,7,4927,12.26,582349
3,5,5,1477,4.88,269304
18,4,4,1391,9.94,435312
25,3,3,3091,9.22,399646
42,2,2,2049,12.74,501587
31,5,5,2975,13.73,578907
3,8,8,1081,1.66,238033
40,3,3,3348,10.6,466267
46,3,3,2405,2.2,138604
24,7,7,4167,8.91,438658
32,7,7,4842,5.38,311645
47,3,3,2413,5.64,257833
22,5,5,4270,6.26,332926
23,4,4,2291,9.89,446157
2,5,5,1367,6.01,326735
27,6,6,1877,11.39,518856
42,6,6,1311,6.96,329035
2,6,6,2574,2.42,244650
26,7,7,2114,12.08,588523
17,8,8,2726,5.36,335672
40,2,2,4702,7.34,324569
33,7,7,2851,10.75,510137
9,2,2,3957,5.99,318184
43,7,7,307,2.26,220110
48,1,1,2855,6.55,275115
39,8,8,775,14.25,629339
29,5,5,2511,10.16,476190
42,3,3,784,10.56,428935
26,6,6,4954,10.04,482789
35,4,4,2585,4.19,254672
25,5,5,4863,7.15,369725
24,5,5,3825,11.64,503516
13,5,5,3639,2.87,182500
7,2,2,3122,5.25,286781
36,2,2,3224,5.23,240847
45,2,2,558,7.33,310857
20,8,8,582,14.73,680577
1,5,5,2198,2.41,207696
8,5,5,4435,8.5,407437
46,3,3,3276,3.92,214551
16,3,3,2567,14.6,576737
14,8,8,3500,3.03,241482
12,3,3,912,6.95,332023
23,3,3,987,11.46,488193
15,8,8,3990,11.01,540476
28,7,7,912,7.21,429440
34,4,4,2607,6.18,312587
2,4,4,3313,6.87,348224
32,5,5,2081,5.07,307124
23,6,6,2891,4.27,241218
22,6,6,2996,8.02,388266
25,6,6,4258,5.13,296623
22,2,2,874,5.38,252457
22,2,2,2210,10.37,434064
49,6,6,3904,14.58,604627
42,4,4,969,9.65,430271
6,4,4,4664,2.54,210134
15,4,4,1583,2.52,199568
43,3,3,1223,14.34,557071
37,6,6,1425,5.51,324470
33,4,4,1829,2.74,179234
8,2,2,1894,9.59,390761
44,3,3,546,9.92,428089
44,7,7,4011,10.25,486678
5,4,4,1860,5.11,272966
39,6,6,2700,1.7,168314
4,7,7,2543,14.53,649596
6,2,2,4164,4.89,257249
45,2,2,2239,10.63,460031
32,4,4,3369,11.04,481343
30,2,2,526,9.74,418436
47,6,6,3847,5.72,320896
35,1,1,564,5.16,238598
40,2,2,1695,9.57,417200
16,5,5,3857,13.19,594025
13,1,1,945,14.28,596992
42,7,7,3290,2.93,220057
30,1,1,2199,3.59,161578
19,7,7,2804,14.25,645229
17,7,7,3072,11.44,538047
19,4,4,1454,13.42,560059
28,7,7,887,4.24,268398
26,5,5,4871,9.43,469570
37,2,2,2121,10.97,442717
26,3,3,1285,10.68,438200
23,6,6,4379,7.01,362229
9,6,6,3648,1.71,204357
12,3,3,4131,9.37,450526
1,8,8,1541,4.92,339260
1,6,6,489,7.58,379444
47,4,4,1280,14.43,607013
34,6,6,1998,6.89,359658
32,2,2,2015,12.84,509234
48,6,6,2893,4.05,221159
25,2,2,4436,10.58,460845
40,4,4,4733,14.69,607732
45,1,1,1398,2.88,155976
1,6,6,2626,1.61,220848
16,3,3,3547,7.35,330418
39,1,1,1195,2.75,171542
5,5,5,1974,11.6,528213
22,1,1,3209,13.85,585610
29,7,7,1230,7.36,389381
3,3,3,4684,4.99,256446
12,5,5,1023,7.36,339619
26,8,8,3240,11.27,543784
16,6,6,1389,1.62,172287
37,3,3,4878,9.46,397167
22,7,7,1235,9.78,482193
29,5,5,2595,10.11,479806
14,3,3,455,4.77,284106
28,1,1,1370,11.14,435877
5,8,8,2258,2.73,270938
47,7,7,2801,4.19,246364
49,4,4,4519,13.35,504206
30,3,3,4130,11.47,457773
46,5,5,1154,1.69,147620
5,5,5,939,4.85,285068
12,1,1,2538,4.39,228729
16,6,6,1902,5.16,306874
26,8,8,741,4.84,303879
26,3,3,4928,2.34,151685
48,6,6,1636,7.7,346340
21,1,1,4000,11.39,468179
39,3,3,1248,9.69,374976
36,6,6,3673,10.58,465210
33,5,5,759,2.6,172683
30,7,7,4946,14.35,620659
37,2,2,692,12.82,513900
23,7,7,4238,12.37,574949
10,3,3,2087,12.61,555102
5,4,4,2557,14.09,594383
36,6,6,1438,8.85,456842
34,3,3,4108,4.2,218111
31,2,2,2754,9.83,407838
10,4,4,1766,11.53,513213
19,5,5,3974,11.46,556569
32,4,4,1677,8.54,387166
1,3,3,2897,2.42,166949
5,2,2,441,6.51,344206
45,5,5,2959,13.93,573049
4,5,5,4896,9.39,454026
16,4,4,1139,8.77,387384
24,4,4,3918,5.13,264969
16,5,5,4217,6.47,323044
2,1,1,895,13.59,570197
49,3,3,2204,10.5,439512
28,7,7,580,12.13,549934
32,3,3,723,7.63,366388
27,6,6,4665,10.01,478575
20,2,2,4549,4.85,224059
24,8,8,2050,11.02,538296
12,8,8,2267,7.27,405623
35,6,6,4388,7.47,400311
33,7,7,4478,10.27,480909
33,5,5,3246,14.14,590624
43,2,2,1749,2.36,131136
37,2,2,2631,12.63,522509
12,4,4,2520,5.45,291589
3,8,8,4089,7.49,411146
1,5,5,3110,1.8,180875
33,3,3,1831,5.56,260959
40,3,3,3290,8.29,356805
10,5,5,4793,2.26,195688
43,4,4,1443,8.13,378187
44,1,1,1233,14.02,546257
29,7,7,1760,2.92,224312
13,3,3,3023,11.82,500831
12,5,5,2812,7.03,386877
31,3,3,585,10.34,453603
46,2,2,564,5.01,225949
2,2,2,2667,3.65,225630
35,3,3,3747,3.67,206844
23,3,3,2062,2.45,153147
17,6,6,3348,4.01,259229
26,2,2,2681,10.47,424258
8,2,2,2569,13.4,588103
29,2,2,340,12.49,507926
26,1,1,367,10.75,444251
10,2,2,1287,2.99,189740
26,6,6,4308,5.4,322887
34,3,3,3498,5.68,280349
41,3,3,2824,4.87,226801
7,2,2,1385,8.45,388814
4,7,7,2779,8.73,457726
45,4,4,1993,6.32,279152
11,4,4,2615,6.28,302030
29,3,3,1078,12.69,541889
36,5,5,4889,12.16,532775
25,5,5,1885,5.66,291256
21,5,5,1792,13.84,586085
36,3,3,960,14.36,595912
10,7,7,1648,5.91,340449
37,6,6,1599,6.28,314459
9,2,2,4240,8.33,387238
24,5,5,2286,14.21,618275
35,3,3,2344,13.33,565672
49,5,5,3816,2.88,187210
35,5,5,1358,6.8,351038
48,3,3,1276,8.97,388744
36,3,3,4877,8.29,389967
18,2,2,1027,4.12,224405
49,6,6,2827,13.09,530126
39,2,2,3436,10.64,453401
32,2,2,642,12.81,521527
24,2,2,1747,13.09,533602
23,7,7,2679,11.6,525439
32,1,1,3959,7.43,328030
37,7,7,826,9.74,485844
12,4,4,2196,3.66,269530
49,6,6,2373,10.59,498456
13,3,3,705,3.92,245113
23,7,7,1873,10.87,496884
25,6,6,4900,4.6,276984
35,2,2,4040,3.09,157262
41,7,7,4574,3.73,259275
30,5,5,4527,1.53,145305
17,7,7,2146,11.2,521247
49,6,6,1778,11.39,497692
20,2,2,2695,8.45,357528
48,3,3,1071,3.68,180326
25,2,2,878,2.63,156012
22,4,4,3201,1.76,170293
13,7,7,493,3.74,241023
19,4,4,2307,13.53,532704
49,3,3,1485,4.76,220320
36,2,2,2694,6.28,274033
12,6,6,3298,2.92,229437
41,3,3,2092,4.5,211785
19,7,7,1410,8.51,440792
12,3,3,4305,9.7,429798
9,7,7,2561,4.81,308132
7,2,2,4036,2.28,175402
28,7,7,4093,6.78,375555
14,2,2,2236,4.66,258104
31,5,5,4657,4.46,266333
19,6,6,1029,14.46,668455
47,2,2,4678,9.82,413046
16,7,7,3751,9.02,453580
5,7,7,4757,7.11,403165
35,7,7,4836,7.29,360586
12,6,6,2440,8.8,434194
25,7,7,1944,10.9,524287
21,1,1,3100,10.98,455465
36,4,4,441,3.82,209893
23,2,2,1755,8.25,353166
16,4,4,2396,7.06,332460
39,8,8,1625,13.25,592081
45,6,6,1513,10.02,431997
42,3,3,1459,8.69,395103
39,7,7,4950,3.06,194287
14,6,6,4799,9.68,468748
31,5,5,4997,3.08,206656
5,7,7,640,6.05,373361
35,3,3,4128,3.43,188311
23,3,3,2268,10.84,476014
29,3,3,1003,4.28,215693
43,3,3,4713,6.79,292758
11,8,8,2729,13.59,634161
18,1,1,2100,4.26,236303
47,6,6,4948,8.36,379940
12,7,7,1155,7.16,438676
9,4,4,2112,1.74,150238
10,5,5,3166,12.2,521317
44,4,4,3942,2.43,179391
17,5,5,482,7.9,391676
38,2,2,3412,9.07,377609
7,3,3,4792,9.98,462635
46,6,6,1817,10.8,452291
13,3,3,1656,4.92,246268
40,3,3,2474,1.63,114089
42,8,8,3929,11.27,535019
9,7,7,3928,8.73,448039
27,4,4,4396,12.79,572037
2,7,7,3539,12.59,615065
5,8,8,3991,12.88,609044
29,1,1,318,8.05,349646
37,4,4,3703,6.0,306630
38,6,6,4979,12.19,532646
19,6,6,4851,7.59,390956
8,2,2,3304,3.98,215147
48,5,5,1432,13.04,535951
45,3,3,3639,13.41,498199
1,1,1,3611,7.8,374761
22,5,5,3672,2.52,206959
17,3,3,1287,6.74,320393
7,5,5,3621,12.35,554627
25,6,6,4915,13.67,592024
45,3,3,473,4.25,195734
4,8,8,4041,2.4,234545
36,4,4,3352,13.34,568621
6,3,3,1026,6.76,312269
31,2,2,4060,8.81,342144
19,6,6,2175,14.57,632929
44,4,4,4333,2.4,175940
39,8,8,1289,10.25,459562
27,6,6,4044,2.5,182196
10,6,6,2986,6.57,359903
26,2,2,719,12.35,547999
19,3,3,893,7.35,331677
39,4,4,2074,14.96,581446
3,8,8,2759,9.05,477430
45,7,7,1235,5.84,332470
13,4,4,4108,4.47,258689
28,6,6,631,6.23,305329
20,6,6,3749,6.53,365056
28,2,2,3002,2.43,157873
8,5,5,4306,6.49,381430
41,7,7,4168,7.77,395004
39,5,5,4500,11.26,509321
1,5,5,501,10.37,480218
3,2,2,2797,11.07,507673
13,5,5,2142,1.61,161978
28,7,7,2166,4.44,281821
49,2,2,2296,10.43,438993
25,2,2,1209,8.03,336936
33,6,6,4605,1.57,146839
38,2,2,4958,12.36,489993
6,8,8,3489,11.93,570724
44,8,8,1070,8.9,430882
45,4,4,3455,2.4,184909
32,6,6,2801,11.85,509527
45,1,1,3014,9.38,379263
47,6,6,3885,12.06,525098
21,2,2,1928,11.65,463582
16,4,4,686,12.34,528172
21,6,6,3721,8.49,427139
11,7,7,4308,3.39,287659
37,7,7,4393,10.56,494691
36,3,3,4663,9.88,377337
35,4,4,2766,11.52,496628
19,2,2,2582,3.79,216197
20,6,6,2156,4.13,288593
18,6,6,2298,13.52,595572
47,1,1,1536,11.62,473896
41,1,1,4969,13.76,540675
49,5,5,4444,11.74,529082
14,6,6,1450,9.56,462819
15,7,7,4618,10.33,509715
31,2,2,1731,13.5,546100
1,8,8,2119,9.31,474467
3,1,1,2624,10.04,423150
16,1,1,1430,3.61,190110
23,4,4,2958,7.9,368862
11,5,5,3800,11.17,511988
12,4,4,674,5.16,253478
10,2,2,2420,4.23,214710
32,6,6,4320,5.74,337241
16,6,6,2321,4.76,276924
8,5,5,4005,4.4,284600
38,4,4,3559,7.24,310663
12,5,5,3735,13.76,595412
24,6,6,2189,8.35,408265
28,8,8,2123,4.04,253554
8,8,8,1774,2.54,260554
28,6,6,2542,10.9,522838
36,4,4,3543,6.67,313040
26,7,7,3434,12.59,580841
8,5,5,2370,10.4,520149
28,2,2,659,12.25,515661
28,1,1,2341,5.17,251745
37,8,8,1441,10.85,511134
41,4,4,1935,5.06,276042
36,5,5,4300,14.18,584041
27,3,3,2243,10.09,437400
17,5,5,3661,5.88,320963
9,5,5,3280,5.14,299592
33,7,7,306,4.08,268913
20,6,6,3567,10.88,510803
13,5,5,1891,4.45,296609
28,4,4,3564,9.54,404510
48,5,5,2906,5.07,284438
29,6,6,3519,10.44,500077
13,3,3,3573,12.5,536887
46,3,3,1213,12.0,481099
35,3,3,2311,11.77,456560
6,1,1,1742,4.03,230646
18,2,2,3354,2.69,180563
5,1,1,3846,10.94,479966
47,2,2,4521,6.47,264342
25,2,2,3228,7.34,346302
2,3,3,2129,1.92,191416
10,6,6,875,5.0,311570
30,6,6,1229,1.95,184504
45,6,6,4059,13.37,571679
5,6,6,3999,4.79,297328
33,8,8,1763,9.02,455266
1,7,7,3575,2.03,252587
18,1,1,1354,10.5,439433
32,1,1,2200,5.86,243586
47,3,3,1757,13.62,538792
49,4,4,1699,13.49,528259
11,2,2,3715,5.89,314704
21,1,1,742,13.66,558762
26,6,6,3950,14.95,628929
25,4,4,4952,12.64,511129
22,3,3,1478,12.91,519751
27,4,4,4758,4.86,248926
49,3,3,1557,9.29,385591
13,3,3,3934,2.41,173086
33,7,7,2141,2.78,237021
34,1,1,2609,14.99,573059
41,3,3,1210,5.91,261427
35,3,3,4640,11.6,470645
1,6,6,4937,12.39,578505
21,6,6,4309,13.08,564070
48,6,6,2469,14.97,615170
6,7,7,2472,4.76,312989
28,1,1,423,2.04,149854
17,2,2,3458,7.05,310346
5,4,4,1085,3.26,226440
31,6,6,2716,1.8,194959
5,5,5,1096,6.37,344475
38,2,2,4472,12.08,496748
3,4,4,4454,9.14,432472
23,1,1,2236,5.72,269926
37,3,3,2456,10.33,424934
37,4,4,4107,4.63,260897
10,5,5,1601,1.69,206460
10,5,5,4463,11.82,539832
19,2,2,3440,9.92,402305
17,3,3,3536,11.79,509487
21,1,1,2652,2.03,155098
14,3,3,2232,12.8,525572
9,4,4,3021,9.86,457967
46,2,2,664,9.11,385160
1,1,1,2690,9.93,450796
45,7,7,1246,13.17,594581
13,2,2,1677,9.42,417553
4,6,6,1739,9.34,451306
1,3,3,3480,14.87,635679
49,4,4,640,11.72,470171
40,2,2,3289,7.47,340133
32,4,4,682,11.05,500418
34,7,7,1856,6.75,375350
28,6,6,599,4.59,278739
31,3,3,438,9.56,416744
8,6,6,658,14.03,645748
39,2,2,1822,14.04,552939
26,3,3,3756,6.12,307150
34,7,7,1927,8.62,425583
3,5,5,1603,4.36,279188
12,4,4,1434,14.94,615130
1,5,5,2486,14.75,652624
44,4,4,3470,10.27,447617
5,5,5,4135,12.36,589698
30,6,6,2451,11.15,487347
30,1,1,1537,9.51,429272
17,2,2,4035,2.22,167782
48,6,6,3134,7.64,368667
47,7,7,4560,10.61,470854
23,5,5,1298,10.65,493071
15,4,4,2867,6.54,333996
37,2,2,1607,14.21,579810
21,4,4,956,3.76,210125
14,3,3,2960,8.25,396652
2,3,3,2511,10.83,492871
11,6,6,2209,10.91,516173
39,6,6,4030,10.26,458586
38,2,2,2346,5.22,224378
34,7,7,3462,3.61,246241
38,4,4,1440,10.09,435559
34,5,5,566,9.59,409669
18,1,1,2145,3.92,220699
30,3,3,2008,11.02,486648
15,4,4,3930,7.64,354455
27,1,1,3511,10.51,416911
34,5,5,2593,12.8,550256
38,3,3,4032,3.79,212608
33,6,6,4129,1.76,165237
24,1,1,1810,12.02,486586
15,6,6,775,9.73,465872
30,2,2,1276,10.95,436726
42,5,5,1507,12.82,518301
17,8,8,2260,12.34,535466
5,3,3,857,14.47,626588
29,6,6,1182,8.74,428928
4,5,5,2494,8.09,417668
10,7,7,2967,6.93,375484
17,5,5,4977,3.57,245716
10,3,3,1910,9.23,428272
17,6,6,3788,5.24,295373
20,3,3,2754,13.94,546599
24,1,1,4794,9.37,420938
5,3,3,2246,9.5,459489
34,7,7,3108,6.29,345221
6,8,8,4125,2.2,237853
2,3,3,3836,1.93,156678
13,2,2,4102,7.22,325369
43,3,3,4477,2.64,195409
43,5,5,4999,9.69,413919
48,6,6,2270,13.39,571967
11,7,7,4122,13.42,620165
47,7,7,3119,10.4,509169
23,3,3,1202,4.35,245299
16,4,4,664,13.15,544366
31,3,3,4558,13.46,544259
11,6,6,3419,4.15,282766
16,5,5,2858,11.46,518875
8,6,6,2163,5.37,324847
4,5,5,415,12.34,529563
40,8,8,2684,14.96,643470
4,3,3,4235,1.91,168832
25,5,5,2790,13.61,600544
3,7,7,1242,9.91,492691
32,3,3,2024,14.64,592474
3,2,2,2634,7.78,354101
27,1,1,3067,12.94,528406
29,1,1,1437,2.34,145209
32,7,7,2827,6.03,327822
19,2,2,4417,2.4,148298
21,4,4,3720,14.67,596305
5,5,5,4206,12.53,590384
18,4,4,3937,13.01,563062
28,6,6,3253,14.16,617603
42,4,4,2667,2.65,162343
22,7,7,4521,6.71,354641
21,7,7,576,2.46,243699
6,3,3,2299,4.35,274017
1,1,1,1527,4.6,237119
5,3,3,4052,7.83,385126
41,7,7,4035,5.13,305170
12,5,5,995,2.86,209314
26,4,4,1609,3.76,255363
46,7,7,4452,3.49,243198
34,6,6,3534,14.64,635645
49,5,5,4414,11.75,509774
14,6,6,2611,14.56,608016
26,6,6,3141,7.44,389926
45,5,5,4508,5.26,261660
27,5,5,3859,12.28,508883
9,5,5,3698,5.9,313543
26,2,2,841,5.54,263219
47,5,5,2994,4.64,262248
22,4,4,4974,3.25,190193
47,2,2,1388,4.96,210152
30,4,4,3663,6.3,322031
43,6,6,324,10.6,462713
48,2,2,1872,2.34,119615
17,2,2,3258,4.34,211333
26,6,6,4536,12.42,573700
36,2,2,2067,3.48,174480
1,7,7,2535,6.13,359511
8,2,2,500,13.17,566290
49,4,4,3498,3.59,185616
35,2,2,556,2.62,157020
15,2,2,4047,8.04,351555
47,6,6,4942,5.58,287822
22,7,7,2541,9.11,445441
14,5,5,3475,12.35,547663
26,4,4,3906,3.35,212678
28,5,5,3636,9.34,430829
23,4,4,713,8.32,369432
14,3,3,2314,3.45,224344
24,4,4,1681,9.92,457275
2,5,5,1398,5.19,307033
45,5,5,3726,8.09,357079
26,7,7,3955,2.61,229826
14,6,6,1209,7.7,389256
7,3,3,487,5.64,305105
3,1,1,4344,12.6,548148
47,7,7,4056,2.27,188880
23,8,8,2315,7.15,380262
46,7,7,2392,7.69,376987
43,3,3,3944,11.29,457967
47,3,3,2430,9.25,374209
45,3,3,657,10.51,443841
18,8,8,2722,11.99,529751
38,3,3,4557,13.14,534822
35,3,3,4845,5.74,257879
15,7,7,1797,8.76,432914
25,3,3,2458,12.84,513930
37,5,5,2855,14.86,646188
28,4,4,2642,13.51,572695
10,2,2,3251,6.51,317706
39,3,3,1538,4.13,242858
17,5,5,1273,8.11,406701
39,2,2,4265,11.51,439716
22,7,7,1350,8.15,422340
26,8,8,4001,8.02,406766
44,8,8,3080,12.82,563947
25,5,5,1888,6.38,335881
17,6,6,4178,13.11,577238
13,4,4,2668,6.99,350432
20,5,5,736,5.93,321910
25,3,3,3128,7.63,343038
4,8,8,1856,11.79,573502
10,7,7,4158,3.2,241760
3,5,5,1604,4.15,284572
41,7,7,2684,14.34,606617
45,3,3,482,3.87,227408
18,3,3,1889,9.16,394059
47,3,3,1887,9.32,392894
36,2,2,959,8.11,336085
47,7,7,459,10.2,469585
22,4,4,4253,4.6,278327
34,4,4,1311,8.96,389659
47,5,5,352,6.52,307980
8,6,6,2607,10.43,471621
40,7,7,1528,3.41,265153
49,5,5,1335,9.21,421614
44,4,4,4002,4.0,198534
19,4,4,4345,5.26,284254
42,7,7,4749,4.45,285876
41,4,4,1564,3.97,211978
37,2,2,2184,12.65,494092
6,5,5,2109,5.36,305081
26,3,3,3467,14.02,564525
34,4,4,4097,14.59,611200
45,1,1,2641,9.21,397459
6,2,2,3714,3.43,198472
37,4,4,1117,6.56,343074
33,6,6,2737,12.27,541739
22,8,8,1188,6.46,374505
21,2,2,967,2.67,195803
6,6,6,2924,9.02,442724
6,4,4,4532,12.91,552131
48,1,1,4823,12.25,488366
4,2,2,1118,3.86,201251
30,4,4,2488,10.58,485506
11,2,2,1406,4.48,248142
30,8,8,2524,4.45,281084
31,5,5,497,13.3,553637
24,4,4,2971,4.87,240498
9,5,5,3792,5.05,283507
3,6,6,2748,1.51,192489
31,1,1,770,13.25,509031
40,1,1,2248,12.2,480318
